-- MySQL dump 10.13  Distrib 8.0.43, for Win64 (x86_64)
--
-- Host: 127.0.0.1    Database: Merkadit_DB
-- ------------------------------------------------------
-- Server version	8.0.43

/*!40101 SET @OLD_CHARACTER_SET_CLIENT=@@CHARACTER_SET_CLIENT */;
/*!40101 SET @OLD_CHARACTER_SET_RESULTS=@@CHARACTER_SET_RESULTS */;
/*!40101 SET @OLD_COLLATION_CONNECTION=@@COLLATION_CONNECTION */;
/*!50503 SET NAMES utf8 */;
/*!40103 SET @OLD_TIME_ZONE=@@TIME_ZONE */;
/*!40103 SET TIME_ZONE='+00:00' */;
/*!40014 SET @OLD_UNIQUE_CHECKS=@@UNIQUE_CHECKS, UNIQUE_CHECKS=0 */;
/*!40014 SET @OLD_FOREIGN_KEY_CHECKS=@@FOREIGN_KEY_CHECKS, FOREIGN_KEY_CHECKS=0 */;
/*!40101 SET @OLD_SQL_MODE=@@SQL_MODE, SQL_MODE='NO_AUTO_VALUE_ON_ZERO' */;
/*!40111 SET @OLD_SQL_NOTES=@@SQL_NOTES, SQL_NOTES=0 */;

--
-- Table structure for table `AccountReceivableLog`
--

DROP TABLE IF EXISTS `AccountReceivableLog`;
/*!40101 SET @saved_cs_client     = @@character_set_client */;
/*!50503 SET character_set_client = utf8mb4 */;
CREATE TABLE `AccountReceivableLog` (
  `accountReceivablesLog` int NOT NULL AUTO_INCREMENT,
  `changeAmount` float DEFAULT NULL,
  `description` varchar(255) DEFAULT NULL,
  `createdAt` datetime NOT NULL,
  `changeType` enum('CHARGE','PAYMENT','ADJUSTMENT') DEFAULT NULL,
  `checksum` varchar(64) DEFAULT NULL,
  `transactionId` int NOT NULL,
  `accountReceivableId` int NOT NULL,
  PRIMARY KEY (`accountReceivablesLog`),
  KEY `fk_AccountReceivableLog_AccountsReceivables1_idx` (`accountReceivableId`),
  KEY `fk_AccountReceivableLog_Transactions1_idx` (`transactionId`),
  CONSTRAINT `fk_AccountReceivableLog_AccountsReceivables1` FOREIGN KEY (`accountReceivableId`) REFERENCES `AccountsReceivables` (`accountReceivableId`),
  CONSTRAINT `fk_AccountReceivableLog_Transactions1` FOREIGN KEY (`transactionId`) REFERENCES `Transactions` (`TransactionId`)
) ENGINE=InnoDB DEFAULT CHARSET=utf8mb4 COLLATE=utf8mb4_0900_ai_ci;
/*!40101 SET character_set_client = @saved_cs_client */;

--
-- Dumping data for table `AccountReceivableLog`
--

LOCK TABLES `AccountReceivableLog` WRITE;
/*!40000 ALTER TABLE `AccountReceivableLog` DISABLE KEYS */;
/*!40000 ALTER TABLE `AccountReceivableLog` ENABLE KEYS */;
UNLOCK TABLES;

--
-- Table structure for table `AccountsReceivables`
--

DROP TABLE IF EXISTS `AccountsReceivables`;
/*!40101 SET @saved_cs_client     = @@character_set_client */;
/*!50503 SET character_set_client = utf8mb4 */;
CREATE TABLE `AccountsReceivables` (
  `accountReceivableId` int NOT NULL AUTO_INCREMENT,
  `totalAmount` float DEFAULT NULL,
  `currentBalance` float DEFAULT NULL,
  `status` enum('ACTIVE','CLOSED','INACTIVE') DEFAULT NULL,
  `createdAt` datetime NOT NULL,
  `updatedAt` datetime DEFAULT NULL,
  `enabled` tinyint NOT NULL,
  `businessId` int NOT NULL,
  `contractId` int NOT NULL,
  `currencyId` int NOT NULL,
  PRIMARY KEY (`accountReceivableId`),
  KEY `fk_AccountsReceivable_Business1_idx` (`businessId`),
  KEY `fk_AccountsReceivable_Contracts1_idx` (`contractId`),
  KEY `fk_AccountsReceivable_Currencies1_idx` (`currencyId`),
  CONSTRAINT `fk_AccountsReceivable_Business1` FOREIGN KEY (`businessId`) REFERENCES `Business` (`businessId`),
  CONSTRAINT `fk_AccountsReceivable_Contracts1` FOREIGN KEY (`contractId`) REFERENCES `Contracts` (`contractId`),
  CONSTRAINT `fk_AccountsReceivable_Currencies1` FOREIGN KEY (`currencyId`) REFERENCES `Currencies` (`currencyId`)
) ENGINE=InnoDB DEFAULT CHARSET=utf8mb4 COLLATE=utf8mb4_0900_ai_ci;
/*!40101 SET character_set_client = @saved_cs_client */;

--
-- Dumping data for table `AccountsReceivables`
--

LOCK TABLES `AccountsReceivables` WRITE;
/*!40000 ALTER TABLE `AccountsReceivables` DISABLE KEYS */;
/*!40000 ALTER TABLE `AccountsReceivables` ENABLE KEYS */;
UNLOCK TABLES;

--
-- Table structure for table `Addresses`
--

DROP TABLE IF EXISTS `Addresses`;
/*!40101 SET @saved_cs_client     = @@character_set_client */;
/*!50503 SET character_set_client = utf8mb4 */;
CREATE TABLE `Addresses` (
  `address_id` int NOT NULL AUTO_INCREMENT,
  `address1` varchar(60) NOT NULL,
  `address2` varchar(60) NOT NULL,
  `zipcode` varchar(6) NOT NULL,
  `geolocation` point NOT NULL,
  `status` enum('ACTIVE','CHANGED','ELIMINATED') NOT NULL,
  `createdAt` datetime NOT NULL,
  `updatedAt` datetime DEFAULT NULL,
  `enabled` tinyint NOT NULL,
  `cityIid` int NOT NULL,
  PRIMARY KEY (`address_id`),
  KEY `fk_Addresses_cities1_idx` (`cityIid`),
  CONSTRAINT `fk_Addresses_cities1` FOREIGN KEY (`cityIid`) REFERENCES `Cities` (`cityId`)
) ENGINE=InnoDB AUTO_INCREMENT=14 DEFAULT CHARSET=utf8mb4 COLLATE=utf8mb4_0900_ai_ci;
/*!40101 SET character_set_client = @saved_cs_client */;

--
-- Dumping data for table `Addresses`
--

LOCK TABLES `Addresses` WRITE;
/*!40000 ALTER TABLE `Addresses` DISABLE KEYS */;
INSERT INTO `Addresses` VALUES (1,'AV. CENTRAL 27','FRENTE AL BCR','10102',_binary '\0\0\0\0\0\0\0\€˘~jºÙ#@!∞rhë\rU¿','ACTIVE','2025-09-25 00:00:00',NULL,1,1),(2,'CALLE 13 #551','ALAMEDA 4','10201',_binary '\0\0\0\0\0\0\0¥\»væü\Z$@\ÏQ∏ÖU¿','ACTIVE','2025-09-25 00:00:00',NULL,1,2),(3,'AV. SAN MARCOS','DIAGONAL AL MALL SAN PEDRO','11501',_binary '\0\0\0\0\0\0\0H\·zÆ\«#@{ÆG\·U¿','ACTIVE','2025-09-25 00:00:00',NULL,1,3),(4,'CALLE 20','DETR√ÅS DEL HOSPITAL M√âXICO','10104',_binary '\0\0\0\0\0\0\0ú\ƒ ∞r\Ë#@fffffU¿','ACTIVE','2025-09-25 00:00:00',NULL,1,4),(5,'AV. FLORES','FRENTE A LA TEC','40101',_binary '\0\0\0\0\0\0\0/\›$$@V-≤ùU¿','ACTIVE','2025-09-25 00:00:00',NULL,1,4),(6,'BARRIO LA CRUZ','CERCA DE LA IGLESIA CENTRAL','30102',_binary '\0\0\0\0\0\0\0F∂Û˝‘∏#@\Ó|?5^˙T¿','ACTIVE','2025-09-25 00:00:00',NULL,1,5),(7,'CALLE REAL 77','PLAZA DEPORTIVA','60105',_binary '\0\0\0\0\0\0\0\”MbX˘#@+á1U¿','ACTIVE','2025-09-25 00:00:00',NULL,1,6),(8,'AV. PRINCIPAL','DPT. 514','50201',_binary '\0\0\0\0\0\0\0jºtìD%@á\Ÿ\Œ˜[U¿','ACTIVE','2025-09-25 00:00:00',NULL,1,7),(9,'Av. Central 100','Edificio A, Piso 1','30101',_binary '\0\0\0\0\0\0\0\Ó|?5^∫#@ònÉ¿˙T¿','ACTIVE','2025-09-29 16:26:28',NULL,1,1),(10,'Calle 5','Local B, Frente a parque','30102',_binary '\0\0\0\0\0\0\0{ÆG\·∫#@{ÆG\·˙T¿','ACTIVE','2025-09-29 16:26:28',NULL,1,1),(11,'Boulevard Norte','Edificio B, Piso 2','30103',_binary '\0\0\0\0\0\0\0=\n◊£pΩ#@33333˚T¿','CHANGED','2025-09-29 16:26:28','2025-09-29 16:26:28',1,1),(12,'Ruta 32','Contiguo a gasolinera','30104',_binary '\0\0\0\0\0\0\0X9¥\»væ#@\ÏQ∏Ö˚T¿','ACTIVE','2025-09-29 16:26:28',NULL,1,1),(13,'Calle 10','Diagonal a escuela','30105',_binary '\0\0\0\0\0\0\0#\€˘~jº#@^∫I˚T¿','ACTIVE','2025-09-29 16:26:28',NULL,1,1);
/*!40000 ALTER TABLE `Addresses` ENABLE KEYS */;
UNLOCK TABLES;

--
-- Table structure for table `Applications`
--

DROP TABLE IF EXISTS `Applications`;
/*!40101 SET @saved_cs_client     = @@character_set_client */;
/*!50503 SET character_set_client = utf8mb4 */;
CREATE TABLE `Applications` (
  `AppId` int NOT NULL AUTO_INCREMENT,
  `appName` varchar(45) NOT NULL,
  `appType` enum('Web App','Mobile App') DEFAULT NULL,
  `moduleId` int NOT NULL,
  PRIMARY KEY (`AppId`),
  KEY `fk_Applications_Modules1_idx` (`moduleId`),
  CONSTRAINT `fk_Applications_Modules1` FOREIGN KEY (`moduleId`) REFERENCES `Modules` (`moduleId`)
) ENGINE=InnoDB DEFAULT CHARSET=utf8mb4 COLLATE=utf8mb4_0900_ai_ci;
/*!40101 SET character_set_client = @saved_cs_client */;

--
-- Dumping data for table `Applications`
--

LOCK TABLES `Applications` WRITE;
/*!40000 ALTER TABLE `Applications` DISABLE KEYS */;
/*!40000 ALTER TABLE `Applications` ENABLE KEYS */;
UNLOCK TABLES;

--
-- Table structure for table `BillDetail`
--

DROP TABLE IF EXISTS `BillDetail`;
/*!40101 SET @saved_cs_client     = @@character_set_client */;
/*!50503 SET character_set_client = utf8mb4 */;
CREATE TABLE `BillDetail` (
  `billDetail_id` int NOT NULL AUTO_INCREMENT,
  `quantity` int DEFAULT NULL,
  `unitPrice` float NOT NULL,
  `subtotal` float DEFAULT NULL,
  `checksum` varchar(64) DEFAULT NULL,
  `createdAt` datetime NOT NULL,
  `saleBillId` int NOT NULL,
  `businessSaleItemId` int DEFAULT NULL,
  `businessProductId` int DEFAULT NULL,
  PRIMARY KEY (`billDetail_id`),
  KEY `fk_BillDetail_SaleBills1_idx` (`saleBillId`),
  KEY `fk_BillDetail_BusinessSaleItems1_idx` (`businessSaleItemId`),
  KEY `fk_billdetail_businessproduct` (`businessProductId`),
  CONSTRAINT `fk_billdetail_businessproduct` FOREIGN KEY (`businessProductId`) REFERENCES `BusinessProducts` (`businessProductId`),
  CONSTRAINT `fk_BillDetail_BusinessSaleItems1` FOREIGN KEY (`businessSaleItemId`) REFERENCES `BusinessSaleItems` (`businessSaleItemId`),
  CONSTRAINT `fk_BillDetail_SaleBills1` FOREIGN KEY (`saleBillId`) REFERENCES `SaleBills` (`saleBillId`)
) ENGINE=InnoDB AUTO_INCREMENT=240 DEFAULT CHARSET=utf8mb4 COLLATE=utf8mb4_0900_ai_ci;
/*!40101 SET character_set_client = @saved_cs_client */;

--
-- Dumping data for table `BillDetail`
--

LOCK TABLES `BillDetail` WRITE;
/*!40000 ALTER TABLE `BillDetail` DISABLE KEYS */;
INSERT INTO `BillDetail` VALUES (1,1,12000,12000,'39814da678d4eb2bf93a06c6a7cd803348896a7bce6e591b4a46419fdf789588','2025-09-02 07:49:45',1,NULL,15),(2,6,800,4800,'a85b029d866bc0b5c3572655b129000c05d9573a89d208e69aa0cea7ad62b0fe','2025-09-09 08:43:45',2,NULL,7),(3,4,600,2400,'717aa18105a0e859e1a1b39c3767b130afce48cd1d6846d1e96919db1649a5cc','2025-09-05 02:16:45',3,NULL,9),(4,1,12000,12000,'ad96dae20ed2cfc6ecee0403e09b0bbba418156c6c5f74021e266fd156866b17','2025-09-05 02:14:45',4,NULL,15),(5,1,12000,12000,'f65b1075a208c8bd2ac33689de11d5d69763aabc47cc67ff1b4940b1a4c97825','2025-09-10 03:05:45',5,NULL,4),(6,2,3000,6000,'72c32742a01d3b428669dbc9b027784c79e4595ea84b9ea0c8fb66e9b3a3c045','2025-09-19 12:06:45',6,NULL,13),(7,1,18000,18000,'ba9847cadaf8a2f2f16f7fcf23f50658ec02b10105ed1eaf207bf86f843409bd','2025-09-17 10:27:45',7,NULL,5),(8,2,35000,70000,'be5e7f2e65a5dadd88ce98acac5dc63bf3cf8735f7f5127856f4f70cec28767a','2025-09-02 12:29:45',8,NULL,3),(9,4,12000,48000,'5c4a67de948046be67544876d09548f999a16589b0a3d057cd81b20dbc282d0a','2025-09-20 08:46:45',9,NULL,15),(10,1,22000,22000,'735157ecfc714f3eccc69e1151933921cb358d4d2c93297472d95b955b7bf87f','2025-09-22 04:36:45',10,NULL,14),(11,3,22000,66000,'18e51d6779df1e99e7fb708fb60e7057d36a10dedd01bfa5793980414c03f45c','2025-09-28 07:25:45',11,NULL,14),(12,1,15000,15000,'630db81f5477017c83b6885d53f84df49084b42caab721de6ce01c8148e07eec','2025-09-18 13:33:45',12,NULL,2),(13,3,800,2400,'e5ee3230b3f5f4f5c1cd32afaf7f42f75ac6cd4849dae565bc0aee954446a53f','2025-09-14 01:38:45',13,NULL,7),(14,4,1000,4000,'0e47cac68e17fc3c8be2959d3eb4e957d9ad26b0e4ef733daf82c1975dd27171','2025-09-08 05:46:45',14,NULL,10),(15,2,12000,24000,'280ba82e69794b580e25da1735f37e2462d738f32d264e9629a53f827e51346a','2025-10-01 06:10:45',15,NULL,4),(16,1,2500,2500,'a43f48b97bfe2d5973bb4d33c89bcd280bbf5ae8ff35e8705b24eb76ac162ed1','2025-09-22 00:14:45',16,NULL,12),(17,3,18000,54000,'124e416253f9fe0fad584d2e0bd5ec5139b43a031d2ab6ef41b05bf779315ba2','2025-09-11 05:58:45',17,NULL,5),(18,1,12000,12000,'4aeb504f65986e9d6c424584103b569d7ef231a29158c77819b5bcbcd14ce200','2025-09-14 10:01:45',18,NULL,15),(19,6,800,4800,'d251b2341eca5520970d9e364f125b7ad6c26da04f2a13336299a2325ccdc65d','2025-09-26 12:56:45',19,NULL,7),(20,3,2500,7500,'6cb0a3ce102f88297ac0392d7e0a3e8115fe31c8f37309f503d2cd7fbfa05f87','2025-09-30 09:02:45',20,NULL,12),(21,4,2500,10000,'09173f780e7242aaa399c0710af64c6fac41b07fd3db68ebd1b579c00ba803bc','2025-09-18 06:02:45',21,NULL,12),(22,6,2000,12000,'b1acf0a0393cba27cd767a08dfd113fe538ba10958b5aa0e79ea4dc6c8e28947','2025-09-11 06:08:45',22,NULL,8),(23,8,600,4800,'5670eb7af0e44cd485241d055ff1af76d07239e38d3ceda628483bc96b25dfd2','2025-09-12 07:36:45',23,NULL,9),(24,2,18000,36000,'b18447c3de0352fc58810e33d24cb9b28cebe475aa66a562c153e76f25ad82bb','2025-09-05 00:35:45',24,NULL,5),(25,1,22000,22000,'d535ff81de1a8e33f9fd7006ff01a3cce5b06b2ec257aced03e8e1b255b7c29b','2025-09-23 00:18:45',25,NULL,14),(26,3,15000,45000,'01e2ad246e0004d7966992c3001bb5b9dd9dd1ae014e0bc5391bb2ad0a22b41a','2025-09-06 05:30:45',26,NULL,2),(27,1,2500,2500,'88026587ba3f8533a7be48fde2399b3bf93b438eb779bb4c3cc40ae06c8238f1','2025-09-02 13:45:45',27,NULL,12),(28,2,25000,50000,'b0d7b7b2c41114b43e5876119f984616e49b67a153befdf6628cac85e00d4c64','2025-09-17 07:21:45',28,NULL,1),(29,1,600,600,'3a26b858fae413568fc416aa17863a2fb77c4404ba4e9b5c5453251f69ed09c2','2025-09-28 05:35:45',29,NULL,9),(30,2,18000,36000,'38aeae35cecb9791e8f3bc46cc3f99040d6dac2e6289ad73e9bb74467fa0054d','2025-09-24 02:01:45',30,NULL,5),(31,3,12000,36000,'e0c4b1a60ef988c598f446e41cbe27b7c410e4f27afb44b836f004f5be07adfb','2025-09-18 05:30:45',31,NULL,15),(32,2,600,1200,'a2b086ba8f2a6b1feb8ca682c0bca5006452f4500858f1662baa84ae80d6fb48','2025-09-03 03:13:45',32,NULL,9),(33,8,1200,9600,'6f74872890a18ac6a7a90a82f178c3a070e17012780f199ffe33e002adf98db3','2025-09-19 04:12:45',33,NULL,6),(34,2,12000,24000,'2d4e684ef4c9629089cfb74e7a108eda6d3b76369073e53eda674e7e9814f09c','2025-09-27 12:03:45',34,NULL,4),(35,8,600,4800,'6118bd5889396c48a5e05e171a0c1d9e13f5cceb81b782e3b0ae40f1d96c8dac','2025-09-18 07:13:45',35,NULL,9),(36,2,35000,70000,'bfa37b67a5c9d046c1ca63f78b3d7156866d618fe82528a7db5493c90f25b517','2025-09-30 12:08:45',36,NULL,3),(37,7,2000,14000,'19c5f90430a977d5ce9ae5d998dbd490a786286821e7c9ffc2d4d282ed87b9da','2025-09-21 04:40:45',37,NULL,8),(38,6,600,3600,'812660ef41cfb52c0a751fbdfce8989f0972733297a7be6c96c32775f683272c','2025-09-30 03:58:45',38,NULL,9),(39,4,2500,10000,'87a73ea6b274723cf487baaca89e9877cd3aeb13c6c8911c0b6d602e2998d5cb','2025-09-13 05:01:45',39,NULL,12),(40,1,25000,25000,'3f470f354ddec68ce1ea1a2bce8fcc64d702d4417bbffb5a27dcf2aeaf35452c','2025-09-13 10:45:45',40,NULL,1),(41,1,12000,12000,'4385a092a5a2f0c6bc4d492365e2e810c34753f4d6422429eabbd986f37794a9','2025-09-02 03:19:45',41,NULL,4),(42,8,1200,9600,'5f8d548b5bb51acfb310c0156e6992ce57588f7f82e0583d6ed50664033f269c','2025-09-21 13:39:45',42,NULL,6),(43,2,15000,30000,'3a890be1200d79967e7140a46d21531ebfa9faa9ddef65307e10f83346b5a202','2025-09-14 07:58:45',43,NULL,2),(44,5,2000,10000,'7b1e7e24e37e947a375682cf234288db030d0419acbd866c6a8395eec32eea31','2025-09-21 13:42:45',44,NULL,8),(45,2,12000,24000,'995aa55f25d2d060b32363441220bd6ce8ced663f3195f0ae4e2994e40b58beb','2025-09-03 03:32:45',45,NULL,15),(46,2,3000,6000,'00704104623249f61cc495a5804ad5e031b8534a44c54601701de19ef2c6b9c0','2025-09-22 09:28:45',46,NULL,13),(47,2,800,1600,'ec8fa86bde5483f2208a89ac85944181b051c0ee5765ca5eb53298cfcc801011','2025-09-13 08:14:45',47,NULL,7),(48,4,2500,10000,'2dcad4fd2b94ba93220f8f49eaef101ce3a61a1d794013c69ebbd0dca862180b','2025-09-17 09:49:45',48,NULL,12),(49,6,800,4800,'128c6f9c63d776c6da5c7459c975f6ca998bb0016f1db12201923a228f7524db','2025-09-04 06:32:45',49,NULL,7),(50,1,1000,1000,'1cf3d9f91942edd5a25e48f63b4dd77ad634728c569cd7b95dd32caa0ef5173a','2025-09-10 07:27:45',50,NULL,10),(51,4,1000,4000,'9379874b6828ea8c033ce48e21d7e9a0dff46a035fbdfa5f366691bb4df03a61','2025-08-22 05:44:47',51,NULL,10),(52,7,600,4200,'a91302d426280fe6e7e30b9b8f481956344b2e31f7a805011b8b131471ff0dcf','2025-08-24 11:24:47',52,NULL,9),(53,3,15000,45000,'2d1d99b69e2ac00a8bdc7201882d0aca262e3801c26cfbcff0f8ffbc95fc0742','2025-08-07 06:42:47',53,NULL,2),(54,5,2000,10000,'205057390f2bbd796df6fcff46c5aba4a42bcd55a64f513096d3e3b45dd46898','2025-08-12 08:07:47',54,NULL,8),(55,1,12000,12000,'daeba03dbacb9ecb28be7c3e085ef7ab070292f56ade272d646f3d3a01244ad3','2025-08-08 07:25:47',55,NULL,15),(56,3,1200,3600,'e6d59540b6da745e1628de66f834744f48298f77a19a3e5de82ecfb5bfd7ae80','2025-08-05 11:22:47',56,NULL,6),(57,1,18000,18000,'7b5757ed037880cec3d3e50d7156cbf97aaf050e669d24a3f3adabf02b8dfce6','2025-08-24 04:42:47',57,NULL,5),(58,1,3000,3000,'653416f583287da29fb197e0708b990c8fe5ef6516ce24953b66e5886a4568fc','2025-08-27 06:51:47',58,NULL,13),(59,2,15000,30000,'240ea952b783114937fa4b3c077fc4c0b21572a62e7eb8395349693ac44e371f','2025-08-18 01:01:47',59,NULL,2),(60,1,2500,2500,'3bc4517c3b346cdb80bbde531e9f1f92879119009b4c4d4c2529b5eb2a790137','2025-08-28 00:50:47',60,NULL,12),(61,2,15000,30000,'db5d5b25cbda0886f6692b70b26bf2e1d28bfb23112df101d25c7863c36f9423','2025-08-18 06:53:47',61,NULL,11),(62,3,18000,54000,'41b1ad48fcdc8d9ae8d70f1857c5502b5c289d142101535e7f48f433879520c5','2025-08-22 04:27:47',62,NULL,5),(63,2,2000,4000,'321c3636111e2f2fc67370cbdfa0cb5914adbbcdce5b85f8ce5e216889f6736f','2025-08-25 09:48:47',63,NULL,8),(64,3,22000,66000,'242a85aee854fe54ff9954860b171e36bdb4e3a643b366460a74e189c443a36c','2025-08-10 07:31:47',64,NULL,14),(65,1,2500,2500,'ff55a56636983d5fab94d961427856ab7b78fcbd0f15a377ad2cdd607c37dac7','2025-08-13 10:50:47',65,NULL,12),(66,3,800,2400,'ade4f49845811719d9b906a67357f3dfe6faa07a75ee08534e596a3dca0602ca','2025-08-14 02:01:47',66,NULL,7),(67,3,3000,9000,'efa8f9d3651a68948b1a5a857481ee86abaee12a360d53c780fe9e25b192c246','2025-08-18 11:37:47',67,NULL,13),(68,3,22000,66000,'8408743588687e243caac8e8823fc4da2257ed68cdfbe800e0276de87b03c625','2025-08-06 09:53:47',68,NULL,14),(69,2,1000,2000,'2d0f2e099ec0343b8d3a6fe74576b237a447e704dc21410ddbd3ad3132bf24dd','2025-08-27 03:43:47',69,NULL,10),(70,1,12000,12000,'afb0157dc15abc7b04dca99d2b61e869492c3838e6956fc954d1f8c981fe0dd2','2025-08-17 11:24:47',70,NULL,4),(71,3,15000,45000,'7a70318caa2b21dd138938c061dfa1c0c08a453439ad99962f7652f91e94e95c','2025-08-29 02:32:47',71,NULL,2),(72,3,12000,36000,'88c703844c105f2120408c904b59d75def73f8e5c68e67a912600a894c0c06b3','2025-08-04 09:42:47',72,NULL,15),(73,2,1000,2000,'5004a8668b1d8dd7a14bd0cafef291972a42728b833bb3d9585517cf6471a198','2025-08-31 10:44:47',73,NULL,10),(74,3,12000,36000,'19c32c26df1ca07a93a80aebf17b9b4281e7248c1abc46343e0f35d39de3640f','2025-08-21 12:21:47',74,NULL,4),(75,1,18000,18000,'c4939e7542c0b4ba8402744f00917ae8202b79c266b47cadb6d74f8bb9ae07a4','2025-08-21 09:26:47',75,NULL,5),(76,4,1200,4800,'f7f70fd00e0fad13d2cb10cb337dc9c60c76a1c988d50c3eb860c8b484cea2e6','2025-08-25 11:26:49',76,NULL,6),(77,1,15000,15000,'bb4efd79fa7f8cc8fbab98647f4716239fd36823dea0e2296feb49322634a0d9','2025-08-25 09:46:49',77,NULL,2),(78,3,2500,7500,'31f22902fd31f63c271e3ede23d87091c05d3dbe104a0f6f875706838d02f17b','2025-08-17 00:31:49',78,NULL,12),(79,1,15000,15000,'d6a770cc61ec6829023b1a8f8d727e814efa1090bf64d50235520b0e540f8aa7','2025-08-16 03:28:49',79,NULL,11),(80,1,18000,18000,'58ffd8cd73be1e13835ea06ca0bccdc385d826b2e524b1d58a7d7748bbff1464','2025-08-16 01:57:49',80,NULL,5),(81,2,3000,6000,'03f9aaf0701f54c6d498fbc0e5719a0bdca72a7984835e39812d357ae54702bc','2025-09-01 02:50:49',81,NULL,13),(82,3,18000,54000,'7d420fda0a5176d8480284232210f0eee089c071444e4340eb40ee8d6398ad4f','2025-08-17 07:02:49',82,NULL,5),(83,4,22000,88000,'90f4946f6d36132cc4e9c2244c504b44e16c82fff2fed9d372556eb6e3d9fdfb','2025-08-14 00:24:49',83,NULL,14),(84,3,3000,9000,'adc0cd7dd41d00e4ff2acd64374e6927d97c82694cf72c14cde7dc77212bc467','2025-08-29 12:11:49',84,NULL,13),(85,2,2000,4000,'e84f842f6d931c109a948e25060e905d6d22f87859fc77d5d8619e58f464c43f','2025-08-09 03:52:49',85,NULL,8),(86,2,18000,36000,'b9e1a0d9efaa836c05bcf86ad8d8a43fbf56fe9de876e1901343a10942d2c2e4','2025-08-20 11:44:49',86,NULL,5),(87,1,2500,2500,'258470300254c7991209733318a404eb366121c777db59adc8bfa336caa02036','2025-08-23 05:14:49',87,NULL,12),(88,2,25000,50000,'43005d3802de883c4f8b19cf8a5edd431f0e20b81a9e1a90269c445019530612','2025-08-18 11:47:49',88,NULL,1),(89,2,1000,2000,'f7b25a75eb3b8127f5f01f1a8d6adad0e0b7f2f419da1734a441783f26d7a4fd','2025-08-29 01:19:49',89,NULL,10),(90,3,2500,7500,'003a01b89d30f39ddf906b6e6211c63a05f140cfb11d644c75713437762616ef','2025-08-24 04:48:49',90,NULL,12),(91,1,12000,12000,'d9012543f400ea8d3fcce33b2b95590c77358941f35e35512040e4a22e849a7d','2025-08-28 00:38:49',91,NULL,4),(92,5,800,4000,'f263d0089190b684535b0b3fd76b96291debabe49bb278f01dcb4b5aa5dda36c','2025-08-28 00:46:49',92,NULL,7),(93,8,1000,8000,'790bcdac4f63d104f003f3e52450e295d5f17e40fad6b9a085ade75e36d2243b','2025-08-27 01:52:49',93,NULL,10),(94,2,3000,6000,'b6b2441ee325a5b8894b48b026ac721384fef33d747210ac0d24523f8aaba7da','2025-08-08 02:21:49',94,NULL,13),(95,1,15000,15000,'b2e598a4905fb830eea7db73067bdfcdfc0429e47f94dc67da50114c7a0fd320','2025-08-12 08:56:49',95,NULL,2),(96,2,12000,24000,'c8257b67da36b6c8e6f21633662c363363b15a3d3ce10202472aae9aa180633c','2025-08-10 06:09:49',96,NULL,15),(97,1,25000,25000,'51666e445e3adf4224cc8c83267f468670d1d110725846b2c87f1d2360ce3d8a','2025-08-31 02:46:49',97,NULL,1),(98,7,800,5600,'fd02c6962586bfed3ab573bb50417a6cc9fe50c04586ac86491cc969a91825c8','2025-08-15 04:57:49',98,NULL,7),(99,3,2000,6000,'92f87e398c88c9bd52b083010042bc04081502517d5b654c0ddc106017fa2ee2','2025-08-28 10:22:49',99,NULL,8),(100,2,3000,6000,'4337206ba5e4b01895ae1a85dd542c36836e806fe0dfe69b53ec1df3fe287e08','2025-08-04 11:23:49',100,NULL,13),(101,2,800,1600,'5b5d90e449158dd452c4b303d0a990a8ce4240f3e2f11c1eba5724f18c659bee','2025-08-22 02:46:50',101,NULL,7),(102,4,15000,60000,'144fd051e81826fc8f1f1e1d57e26c074d09d82f3951997b4f1418940ecd20b3','2025-08-15 00:28:50',102,NULL,11),(103,3,2500,7500,'395ee611ee30dc4d2641af3c18abb2e4df0cc0cae744802ac6da628127cf189a','2025-08-12 09:25:50',103,NULL,12),(104,3,800,2400,'a067bee2c8d56874adbe078e5e54135fed8bd9bbeebf7f8cdf349fff815c3bb7','2025-07-28 02:13:50',104,NULL,7),(105,5,1000,5000,'b0229146827fed717d49c19dffc9a57671767c9439634e2673729dd2912c71f1','2025-07-29 12:03:50',105,NULL,10),(106,3,12000,36000,'aefdf61347b736d67cadb6b213011e16f97c4198f2e2198bded3e01459ba20c2','2025-07-15 01:41:50',106,NULL,15),(107,1,22000,22000,'b8a13f00f68a063430bbd84a912f6d83eacae75157440f0de7d2a43a87fe9388','2025-07-12 02:47:50',107,NULL,14),(108,4,600,2400,'8ac0d0b2db4622d446eed029c17126022b47846e425a40f704a07319a36975a3','2025-07-29 06:45:50',108,NULL,9),(109,3,3000,9000,'61e61e53eb49cc053e9a0cb00ca52e25e4bdf549898afd103adccb742e5245c7','2025-07-05 01:41:50',109,NULL,13),(110,1,15000,15000,'38e2170943f17084fb4d8779d458a4867babed27e54f2f8080c4c06fbf7565e1','2025-08-02 10:52:50',110,NULL,11),(111,2,15000,30000,'e07a306026d8b15e0a9802ce0c195af92802231367ff8415e8b43976a15eb0c7','2025-07-29 03:56:50',111,NULL,11),(112,3,15000,45000,'fe7833478d0696ad7f67176d6661eee005a172bc866eb748921c42403ed5cd8e','2025-07-12 04:25:50',112,NULL,11),(113,3,18000,54000,'ccc045f0b6fb85da748196b02bd5b57ffc791ac9802e1fb3a6b2b5b7d40e2ec5','2025-07-12 00:55:50',113,NULL,5),(114,3,22000,66000,'ee34f2c97975e146c18379390f6f1e75728e70435f9146620f2666b644154a2c','2025-07-18 00:38:50',114,NULL,14),(115,1,12000,12000,'543be0ae063083374a2280bea3f4859b58bd8262b5aca939006f0c0309f8ad6e','2025-07-29 09:04:50',115,NULL,4),(116,3,35000,105000,'1a1451a1d4255105df912194270dac9dec5e74355ff0dd54226c5efbf7f44016','2025-07-27 12:40:50',116,NULL,3),(117,4,800,3200,'2b6c258e97719170f63d317c6a2f70e0daf51ba6d7be2f8d09ab70bb04459948','2025-07-22 08:53:50',117,NULL,7),(118,4,2500,10000,'af504ba7aa578082f837b3acdcc791a1feaf9825bf31a51f495a0e18439a26cf','2025-07-18 11:37:50',118,NULL,12),(119,4,15000,60000,'383c507d15a7b8318d6de06c749a65d24b7e8c7e30439a8b5113c4744968211e','2025-07-07 10:11:50',119,NULL,11),(120,4,22000,88000,'fa73a0a563af3d13758cff5156e7427696d3bf6278b5af854e625505b05fbd3e','2025-07-23 02:50:50',120,NULL,14),(121,2,12000,24000,'efa4043c3cd882d442c38e95856adf39aa0eb2243d67ed59cf674a4fa87a800a','2025-07-22 00:14:50',121,NULL,15),(122,8,1200,9600,'d0731955dbdcd77403e2b473834081ed7b60c82af11aca117f8e0cd535e9ed91','2025-07-05 13:10:50',122,NULL,6),(123,1,12000,12000,'8d087a07391043afb1306ef397ce38613cbd673c7cc935612101382330722585','2025-07-17 01:50:50',123,NULL,15),(124,4,22000,88000,'3127efe1673535a3fd995c738280ac33b16dd5f34f544f7905c7ae6d17e8f0b5','2025-07-08 03:39:50',124,NULL,14),(125,3,2500,7500,'aed5c51ba33a38b74b6610d28b4a1bc6b6d7981c9a5a33fea24d18908f367c8b','2025-07-17 09:35:50',125,NULL,12),(126,1,12000,12000,'3c0035e2a529023430add29295d8eef37ecad576147e6ebea34601b34c0014db','2025-07-21 02:33:50',126,NULL,4),(127,4,3000,12000,'1fe9b5d3fb2e21a62685a38df575fa1a8fb11253c796609aa7e1997eb494df29','2025-07-24 10:42:50',127,NULL,13),(128,1,12000,12000,'d8dd98f9dbbafeb47b39e18d5d7cfd76627430e7732d85b835f5a1d42d4b0485','2025-07-27 12:58:50',128,NULL,4),(129,1,2500,2500,'896280506a68db0276c296d8d03227d6c22ba540d128bcd1b15aed24a0a47a79','2025-07-24 13:40:50',129,NULL,12),(130,2,2500,5000,'8cc2750bc09fe4c10609cb6e63aaaaa3184ce6ae5677f337b7075bcfa4d086de','2025-07-21 10:26:50',130,NULL,12),(131,4,12000,48000,'0b77b47993a2e8ab35a5e1b2c3c39e0c9fe3d484c32c5ee361973aced07002bb','2025-07-05 00:15:50',131,NULL,15),(132,3,12000,36000,'ab05c7c4bd7ee00b0db94506161b01cdb77adc22cb4eae55f53ee8bc163159db','2025-07-13 06:09:50',132,NULL,15),(133,1,2500,2500,'646486483579819f9e57c601a75997673817b4e7acc6543b85be80b5a0b2ad5d','2025-07-31 00:44:50',133,NULL,12),(134,7,800,5600,'21504d8b9cb071fead19e42643d0260d44563bf1e9f025b8aeefd94ec732362f','2025-07-17 02:25:50',134,NULL,7),(135,1,12000,12000,'d5a42a1f507646aa30109dc54bb453057680a53ee21897bee48429cee54fad48','2025-07-20 04:23:50',135,NULL,4),(136,1,18000,18000,'d96bcf4c027b71d720d79d7b94040fd57d487bf81e508485cc859a255542ff0d','2025-07-17 02:03:50',136,NULL,5),(137,2,35000,70000,'05c3a07bf7b69f86a45672e06232b69f4a90d38a58ad512298f5738518852226','2025-07-22 08:05:50',137,NULL,3),(138,4,12000,48000,'6f5e7f72a69ae6650cb3b8a3fa46e15339fd8bca358d0b751e354c0bc86b0c9d','2025-07-14 09:34:50',138,NULL,15),(139,3,12000,36000,'5c283f215640edd963d9ace6c9bb66a3a24bc4284a8b415cc63afc67458d812f','2025-07-11 04:13:50',139,NULL,4),(140,4,15000,60000,'dcccce6dc787a2d9d2779307cdcf2bd950f3e08cdd4aa3607ca7d17a0133c283','2025-07-21 01:11:50',140,NULL,11),(141,1,18000,18000,'0d429e8255c326b9c7700411c020e5c138fedee34d6c19a889862766ed014f84','2025-07-07 03:32:50',141,NULL,5),(142,4,12000,48000,'9aa626b555de3fe92156b19fd6e6e3a1fd70e8d6d1f57c4084b1b4310ef6f625','2025-07-21 07:32:50',142,NULL,15),(143,4,15000,60000,'bcbe6213f5c66273f779a4ff4dafa29353e7fe7cd9923cc64bcce494857c49ca','2025-07-26 04:03:50',143,NULL,11),(144,2,18000,36000,'d36409e488fc65ae615890de3a21d31a7e6a1cf958b8cd10cd74ab1c6473a621','2025-07-19 12:08:50',144,NULL,5),(145,2,800,1600,'86ff9ff4699edee5fb7691281da46aba5ed687fca5b5cd83bd1e1336ac5855ef','2025-07-25 11:07:50',145,NULL,7),(146,3,18000,54000,'dfc1c129f9edb7202869d124b3942ddce5914c961a825aab9bae653b61bb2b65','2025-07-28 02:18:50',146,NULL,5),(147,1,12000,12000,'d9a0a15e1501db0d12d0467a6befbc18cd1de468a209b3d908db54502b7df134','2025-07-19 12:56:50',147,NULL,15),(148,2,22000,44000,'0e66af6e8cc57209d45c867f4237432c7802c5fd7fa4c1b5db4b830ecc9c5ef7','2025-07-18 03:34:50',148,NULL,14),(149,3,15000,45000,'64412f92484f48c2393b930081f1189b5f28c8738753a72e21f9c25745f1762f','2025-07-20 01:14:50',149,NULL,2),(150,2,12000,24000,'bc4d6a7e3b7f71a4d1e6d34f4c93e939a371bfabea966ef1d1ebb40a9abed16e','2025-08-02 12:17:50',150,NULL,15),(151,3,2500,7500,'c8e39a042d896f6d82f2d7eb7184660b425ae5338b8f0dbdaa51925d17108e05','2025-07-11 09:11:51',151,NULL,12),(152,8,2000,16000,'659d066b0e48a9919f62bce3abb788606f851107ad3569f49f79eea15e968823','2025-07-20 03:53:51',152,NULL,8),(153,5,1200,6000,'564c27d060f21fd3fbbc768fe912b4610509407c787b7d764cdce7f0f4303966','2025-07-08 06:50:51',153,NULL,6),(154,1,15000,15000,'c29338344857dd19e1ae567fa20a1862e780cc114d831e12fe0c4fdb365f5426','2025-08-01 09:10:51',154,NULL,2),(155,2,3000,6000,'2445d21dc9bf1b7f834afcf2051e1dba12be667d3ec4b10544ed91f26a2a15d7','2025-07-23 10:39:51',155,NULL,13),(156,4,22000,88000,'3716b2a86123a7dc00173ce478b2ca11cc24d77ff70122d25be5671e9e79342a','2025-07-13 01:32:51',156,NULL,14),(157,2,15000,30000,'5a2914aafc70f6e8c3f954f19fd7222b0aa7b6fd891c45fa8f9eb83d46005dd3','2025-07-12 04:35:51',157,NULL,11),(158,1,15000,15000,'d7f762d6e9158b73f7570cc28fcd84c8c95068b3d4c715c4fc46abdc35459333','2025-08-01 00:09:51',158,NULL,11),(159,1,18000,18000,'57a1871e590364b75aec2eeebcd7821ff221dc71bbbaaa60754b95fc61decc34','2025-07-20 13:34:51',159,NULL,5),(160,1,15000,15000,'d0398ba830177ed8583be7f1df25073d69e797cf07f25e5e7151d75598205300','2025-07-31 04:24:51',160,NULL,11),(161,2,12000,24000,'3c6a1d8d668d1bd0ef29d8840684bac82ee58d273a90ad834f64ffcfe39c5bf0','2025-07-26 00:26:51',161,NULL,15),(162,4,800,3200,'d085d176b69bc3915d425ec2a37d6e01935404acc8f7e9d2408f88c13c7f21a1','2025-06-28 06:57:51',162,NULL,7),(163,2,12000,24000,'6a431bd32862506f640230b5702aedd374c68854ffe2ece47efae8a191ba5289','2025-06-07 06:35:51',163,NULL,15),(164,3,2500,7500,'478dd665c3de1e0225856d2dd9a1a97017880779b0cee66cb10956d585387609','2025-06-13 10:47:51',164,NULL,12),(165,3,1000,3000,'b86e6258ac896c2ac9f4286cabf0e06d2c1361354d522c421f9aa22d828faf3c','2025-06-16 00:31:51',165,NULL,10),(166,1,15000,15000,'bc02e17036074066ab84b4ea12bea7e7224587239d9cd71cf9443021fa980960','2025-06-12 04:34:51',166,NULL,2),(167,6,2000,12000,'2ef3f10336c1df82ec18736ab4958ce69f6cb542c65baede214ef9d150a2ea85','2025-06-09 00:39:51',167,NULL,8),(168,4,15000,60000,'a6d17c11d3ae0d7b9043d3daa3d0444fb9128bde02fbb22bc94ed696e9c74c0b','2025-06-28 03:50:51',168,NULL,11),(169,5,1200,6000,'2e495020486d85d400c730f2099f16432616db370a590e9ef1d3089d596a580e','2025-06-22 02:37:51',169,NULL,6),(170,4,600,2400,'2cf996d2cfa36c5b2d83e0c5d522976acff9b27b53c3bc031e2f0663935cf0ab','2025-06-15 11:28:51',170,NULL,9),(171,2,35000,70000,'369a3fd19517557759e2cdc0bb0c70f66ce08da6839f013a04fce7ca1fb5e9b5','2025-06-27 05:10:51',171,NULL,3),(172,3,18000,54000,'78877f64fddaec75b6ff38ba2fe98fe285551ad937735441252ca74f2a13177c','2025-06-07 09:51:51',172,NULL,5),(173,4,600,2400,'2ec741841b19a37e5d1de34e87a48c79d6422ad1cae10ac1b8ee2ef80eab2efd','2025-06-29 05:38:51',173,NULL,9),(174,4,12000,48000,'e5b21d44e962a69648e013bb8bb06066050131547d360980d614f7a1e3393f7f','2025-07-03 09:28:51',174,NULL,15),(175,2,25000,50000,'e157f1f995bd246c873b7c1659b3a7c100f3f676b2757d516a54c5a2eac39a5c','2025-06-25 00:10:51',175,NULL,1),(176,3,25000,75000,'0d1517569dfb8f9b576cb10b84455f6e648595a269c426a4cea1ed0171f3243e','2025-06-26 10:50:51',176,NULL,1),(177,1,18000,18000,'1f7b9179a89b1496a4d2f86cabd9a53c3edca6191dc6338cf5d889f82d75f60d','2025-06-15 11:12:51',177,NULL,5),(178,2,35000,70000,'9f8605509b0dcf71e42680bff5d5817e3fbc20e8d259d640c40cb6aa9581c57e','2025-06-14 06:17:51',178,NULL,3),(179,2,12000,24000,'2c4ee80e2312a551552303fee905bac2fa382d7fd99643971285b69875c12155','2025-06-16 03:34:51',179,NULL,4),(180,3,35000,105000,'39da1951447c9fe3048daf8e665917a83b8100a51bc9820385af044efe323d11','2025-06-28 04:53:51',180,NULL,3),(181,2,12000,24000,'51ef971aa058e0861a00a1a5ca9971469d5967b978561262b161a067ae2dd474','2025-06-11 08:41:51',181,NULL,4),(182,4,600,2400,'137b9b7e6df199452018806f1053e83a03b348e0c63cdc2f344317a5bc0829a2','2025-06-28 06:55:51',182,NULL,9),(183,1,35000,35000,'018aa71942f83f4b081cba21857a8835defd6dfacd0b035e4c73ee435f16a6a2','2025-06-18 12:59:51',183,NULL,3),(184,6,800,4800,'91a6269b33d14769a8e9304ecf1cc32c58c454d84d6e7c401ce12112350ed90b','2025-07-02 05:56:51',184,NULL,7),(185,3,15000,45000,'81db65d078d8d426d4d832a82d8c915649ef7539de3a2373d9a2a1c42414e30b','2025-06-16 04:52:51',185,NULL,11),(186,6,1200,7200,'6f038cdb3406dfa718fb6095bae15b48cd35e5cd4c827354b66f609e810d67cb','2025-06-23 09:23:51',186,NULL,6),(187,4,3000,12000,'89baa4d4917323e74c4a7ac41cb1965a323ca11c5c06772838a6dc9bcf753164','2025-06-17 05:10:51',187,NULL,13),(188,3,12000,36000,'1b949d097b6885601536c995c76c965ca64643879a8262ece0d3fae478026a01','2025-06-19 05:28:51',188,NULL,4),(189,1,15000,15000,'9e976001298bcc28c5929b49afd09b47fe7d38e3f7a36753044616247c75f68c','2025-06-16 08:11:51',189,NULL,11),(190,5,1200,6000,'27d321bc0eaca05a8fd28c100de050af80ae1b3f4091df4099b63ea64ce8d9dd','2025-06-17 01:45:51',190,NULL,6),(191,5,1200,6000,'4c561c159d4a502984157ae9e131ccd74143ae8413271d7d124fb88292eb0068','2025-06-28 05:23:51',191,NULL,6),(192,6,1200,7200,'36bd53e205db6932abff441ad66717a2d44a0d2e067499e0eaad3ac180f11943','2025-06-23 09:17:51',192,NULL,6),(193,3,12000,36000,'d1c078a67d85f64bc4f6c568a33d0952d0b9a9e7b820034d618a9a8dcaa34691','2025-06-04 05:53:51',193,NULL,15),(194,2,18000,36000,'f57c7fd1755f4a02ff329201a8cd051629f31b3350b046fb275aa3136a2906c4','2025-06-29 10:23:51',194,NULL,5),(195,1,12000,12000,'c132e211f8913dc16fc8860a35ad89b2a248b9d6e8a70592865d60102d133701','2025-06-13 01:31:51',195,NULL,4),(196,2,35000,70000,'ad14400b6760ad5c4584ee39c9d7a8e8d16d7f0080f50cc1eff3f188b9d9632e','2025-06-09 07:24:51',196,NULL,3),(197,1,1200,1200,'b863a33e6403fe21ca179031f4d3e5195113c5c4db8a483b659a5cfcad01d63c','2025-07-02 13:35:51',197,NULL,6),(198,6,2000,12000,'35571fbdb931b4fdf4dca6628bd792f4834a5c803e364bef94d89cd80c65d983','2025-06-22 13:36:51',198,NULL,8),(199,2,2500,5000,'20850517b65c485f2829c046cda8d2260bdf7a0267e745601032633194842a05','2025-06-13 07:32:51',199,NULL,12),(200,1,12000,12000,'63985b8c859f9139823adfd89a039fb3b9e8c1e83762e103d410a313721e8121','2025-06-08 11:42:51',200,NULL,15),(201,2,22000,44000,'19079ae58cd71aacfc4c04c19867df7408bce772b6f4524203840eba353aeb79','2025-06-25 07:45:52',201,NULL,14),(202,4,2500,10000,'a071a56b9c6a17c647e311d34c09ad43627652d69c77b5f3633f52ffbb888515','2025-07-02 13:40:52',202,NULL,12),(203,5,1200,6000,'95243e72fcad2327beabe6a625b5718b7fdfbad6959fba67389cbe4e39427173','2025-06-15 04:43:52',203,NULL,6),(204,3,18000,54000,'deddda55c874e30db0860bd946dfc0a93185e3b0e7f7174dc3abed3e3390a59d','2025-07-02 01:27:52',204,NULL,5),(205,4,15000,60000,'70d5ca0fe11e67e0b6bf07b613f0e20b133d47d23d003f081327c6a4d6998eab','2025-06-21 10:34:52',205,NULL,11),(206,4,600,2400,'86b0b1040d367619e581cff4bd419722a108b9735de3b549539b10ed86a0fb19','2025-06-08 13:12:52',206,NULL,9),(207,2,800,1600,'20186feaad1711c796e084915cab095a2e086e9d45bece49460e4b81a2e0167f','2025-06-08 08:28:52',207,NULL,7),(208,3,12000,36000,'d7e56327c01405dbc838a4da0e5a2a9d83cc9689846789661226fda534fc775c','2025-06-11 08:44:52',208,NULL,4),(209,2,35000,70000,'daa1cb74a7aed78307bcd3f1c9345894a8eedb0e88f85932d52c1d7ffb8d4782','2025-06-05 02:11:52',209,NULL,3),(210,3,15000,45000,'3de6ca45b22dbfa11e6071901ea7adda45c6106a2bbc34e228abf565a3d8fe79','2025-06-27 00:37:52',210,NULL,11),(211,7,1000,7000,'fb2d6140085c3ae79cd4a2a5b2bdf1c20acb6a43f0848afe3ce557f5dd606de7','2025-06-16 06:33:52',211,NULL,10),(212,3,15000,45000,'b9c0d37307e1aaf1aa1bc321bde3524b22e5764fbae3fafe587c7d8b41fcdb5e','2025-06-29 03:48:52',212,NULL,11),(213,3,18000,54000,'0aa30949c03c0ff25a9b860016915eab65d07cb8782f475a83b114075b7155f4','2025-06-29 05:36:52',213,NULL,5),(214,3,3000,9000,'bd319adac871bea6be61cc67db0e0c6714750b91f64681601cd23999d9b27e82','2025-06-22 02:42:52',214,NULL,13),(215,1,15000,15000,'68d9f0234b17223c613595f7d431b8baf51091302c96fba4a24245af92c5a045','2025-06-04 03:13:52',215,NULL,2),(216,2,35000,70000,'b682d91ac48d5994b91f3982b098cf76207549e8e50e71b2860bc034b588374d','2025-06-25 03:30:52',216,NULL,3),(217,7,1200,8400,'a740870ae0e30ea73a01fdb65e67706cc7bb964d3a771113c52cc3fce8456e44','2025-07-02 10:37:52',217,NULL,6),(218,1,2000,2000,'0ba20dab4d7221acf282713ae1b233eaa463209cbe1c831b5a9f3bf97b444a33','2025-06-18 08:24:52',218,NULL,8),(219,4,1000,4000,'fef10b9194ec5e11f6425fb4fe25e7792c13a0373f6e2ade36c83b1e4b792639','2025-06-28 09:53:52',219,NULL,10),(220,5,1200,6000,'7808360cfb8de768d3af3422ad17623fe10ddc282d88e9a133594c5cdd34c546','2025-06-23 01:30:52',220,NULL,6),(221,7,800,5600,'12cb0ebcf34ad866eb1e78b0c88207928a31083e744ec8da55f51b8212b7d538','2025-06-08 11:42:52',221,NULL,7),(222,4,22000,88000,'7d829aababecad3d45801ddfe99390889a3ee24175508f5e9da38fcb99801a94','2025-06-16 08:12:52',222,NULL,14),(223,6,600,3600,'54c679f0232874f77c830cb82d4b595aba5fef2b73abc845b6cad8552d67f653','2025-06-21 12:12:52',223,NULL,9),(224,3,12000,36000,'39d17ca49f89715c309dd1c6ea56ff84a8d91ed200fd48356a173ef7691df5d1','2025-06-07 06:32:52',224,NULL,15),(225,7,1200,8400,'6e656ee9996f890a2290a23c1f454164315d62b41e4f66662a466ac1523c23f0','2025-06-15 09:26:52',225,NULL,6),(226,5,1200,6000,'7d3832886de8a341949ad1f80e66f6f9a84e91efed988353f2caef89cc1af372','2025-06-09 02:32:52',226,NULL,6),(227,4,2000,8000,'feb15b81c66804e5493564a49c4e4137efda15d6b28d55bd5d7aadceb8b0b2ae','2025-06-18 03:54:52',227,NULL,8),(228,1,2500,2500,'c2d15725dfe906e8a42d0e2fb5a562c4fd8ec9312a6c325ab0a504a1c80ae52f','2025-06-15 11:20:52',228,NULL,12),(229,4,12000,48000,'db6952e8515ef14a18146af3349ffcd4693c471f6590dd65bf3791a02981c9e4','2025-06-26 13:59:52',229,NULL,15),(230,1,800,800,'c3479688fece2893bf3188220bd5f773a223eaf3b7761581febb2bf25a848994','2025-06-18 07:03:52',230,NULL,7),(231,3,35000,105000,'9a735ce6d217381adbf661059a11e6faab25b77281af6decce97e341c5e5e18e','2025-06-24 01:46:52',231,NULL,3),(232,2,25000,50000,'f416a5a647f19a57ade8f597f56db0525dbf474af83646b4ef26cb911172bf2d','2025-10-01 00:29:11',233,NULL,1),(234,2,25000,50000,'f6437f87166ebdb1f04f683e688ebb0243c4ee0eeabc477fdba66d08f2e7a406','2025-10-01 00:32:42',235,NULL,1),(235,2,25000,50000,'23bd9db91520fdeb2580d5aec084e3e4b88b58d73a41296182bfc007ee7cdc6f','2025-10-01 00:34:04',236,NULL,1),(236,2,25000,50000,'f177f6a3130db1b8e74ea265921d493eeebacdd180d3dac14591ae2848dfac20','2025-10-01 01:39:05',237,NULL,1),(237,2,25000,50000,'ac455a4006e5bab98e6f54160aaf6fb2fa52ca9a7ad0069ff0176b6b0ea946e1','2025-10-01 01:41:32',238,NULL,1),(238,2,25000,50000,'4bee4cad99142d3f2e5a4013fea45ff5241bf5009f2aaef82920a1d1db47c627','2025-10-01 01:42:23',239,NULL,1),(239,2,25000,50000,'76b68fec59060bfa8deef606ea6ffaa62a1ebe65db87915859df1624f3b5786b','2025-10-01 01:59:27',240,NULL,1);
/*!40000 ALTER TABLE `BillDetail` ENABLE KEYS */;
UNLOCK TABLES;

--
-- Table structure for table `BuildingArea`
--

DROP TABLE IF EXISTS `BuildingArea`;
/*!40101 SET @saved_cs_client     = @@character_set_client */;
/*!50503 SET character_set_client = utf8mb4 */;
CREATE TABLE `BuildingArea` (
  `buildingArea` int NOT NULL AUTO_INCREMENT,
  `floorNumber` int NOT NULL,
  `description` varchar(255) NOT NULL COMMENT 'Para ubicar del siguiente modo: "En el pasillo principal, frente a X tienda", "Desde la entrada principal, 50 metros a mano derecha", etc.',
  `status` enum('ACTIVE','UNDER_CONSTRUCTION','UNDER_RENOVATION','CLOSED') NOT NULL,
  `createdAt` datetime NOT NULL,
  `updatedAt` datetime DEFAULT NULL,
  `enabled` tinyint NOT NULL,
  `buildingId` int NOT NULL,
  PRIMARY KEY (`buildingArea`),
  KEY `fk_InBuildingLocation_Buildings1_idx` (`buildingId`),
  CONSTRAINT `fk_InBuildingLocation_Buildings1` FOREIGN KEY (`buildingId`) REFERENCES `Buildings` (`buildingId`)
) ENGINE=InnoDB AUTO_INCREMENT=33 DEFAULT CHARSET=utf8mb4 COLLATE=utf8mb4_0900_ai_ci;
/*!40101 SET character_set_client = @saved_cs_client */;

--
-- Dumping data for table `BuildingArea`
--

LOCK TABLES `BuildingArea` WRITE;
/*!40000 ALTER TABLE `BuildingArea` DISABLE KEYS */;
INSERT INTO `BuildingArea` VALUES (1,1,'Pasillo principal, frente a la recepci√≥n','ACTIVE','2025-09-25 00:00:00',NULL,1,1),(2,2,'Segundo piso, al lado del ascensor','ACTIVE','2025-09-25 00:00:00',NULL,1,1),(3,1,'Entrada principal, junto al lobby','ACTIVE','2025-09-25 00:00:00',NULL,1,2),(4,3,'Pasillo norte, frente al laboratorio de computaci√≥n','ACTIVE','2025-09-25 00:00:00',NULL,1,2),(5,1,'Consultorio A, esquina sur del edificio','ACTIVE','2025-09-25 00:00:00',NULL,1,3),(6,2,'Consultorio B, frente al jard√≠n interior','ACTIVE','2025-09-25 00:00:00',NULL,1,3),(7,1,'Gimnasio, pasillo este junto a la entrada','ACTIVE','2025-09-25 00:00:00',NULL,1,4),(8,2,'Oficina administrativa, frente al √°rea de recepci√≥n','ACTIVE','2025-09-25 00:00:00',NULL,1,4),(9,1,'Departamento 101, pasillo central','ACTIVE','2025-09-25 00:00:00',NULL,1,5),(10,2,'Departamento 102, frente al ascensor','ACTIVE','2025-09-25 00:00:00',NULL,1,5),(11,1,'Local comercial 1, esquina con la avenida principal','ACTIVE','2025-09-25 00:00:00',NULL,1,6),(12,2,'Local comercial 2, frente al estacionamiento','ACTIVE','2025-09-25 00:00:00',NULL,1,6),(13,1,'Apartamento 201, pasillo oeste','ACTIVE','2025-09-25 00:00:00',NULL,1,7),(14,2,'Apartamento 202, frente al √°rea verde','ACTIVE','2025-09-25 00:00:00',NULL,1,7),(15,1,'Oficina de ventas, pasillo sur, junto a la entrada','ACTIVE','2025-09-25 00:00:00',NULL,1,8),(16,2,'Bodega, frente al √°rea de carga','ACTIVE','2025-09-25 00:00:00',NULL,1,8),(17,1,'Pasillo principal, frente a los puestos de frutas','ACTIVE','2025-09-25 00:00:00',NULL,1,1),(18,1,'Segundo pasillo, junto a los locales de panader√≠a','ACTIVE','2025-09-25 00:00:00',NULL,1,1),(19,1,'Zona de alimentos, frente a los carritos de comida r√°pida','ACTIVE','2025-09-25 00:00:00',NULL,1,2),(20,2,'Puestos de verduras y l√°cteos, pasillo norte','ACTIVE','2025-09-25 00:00:00',NULL,1,2),(21,1,'√Årea de snacks, esquina sur junto a la entrada','ACTIVE','2025-09-25 00:00:00',NULL,1,3),(22,2,'Pasillo central, frente a puestos de carnes','ACTIVE','2025-09-25 00:00:00',NULL,1,3),(23,1,'Comida r√°pida, frente al √°rea de bebidas','ACTIVE','2025-09-25 00:00:00',NULL,1,4),(24,1,'Local de dulces y snacks, pasillo este','ACTIVE','2025-09-25 00:00:00',NULL,1,4),(25,1,'Zona de frutas y verduras, pasillo principal','ACTIVE','2025-09-25 00:00:00',NULL,1,5),(26,2,'Puestos de panader√≠a y reposter√≠a, pasillo sur','ACTIVE','2025-09-25 00:00:00',NULL,1,5),(27,1,'√Årea de comidas r√°pidas, frente a la plaza central','ACTIVE','2025-09-25 00:00:00',NULL,1,6),(28,2,'Local de productos gourmet, pasillo oeste','ACTIVE','2025-09-25 00:00:00',NULL,1,6),(29,1,'Zona de snacks y bebidas, frente al pasillo principal','ACTIVE','2025-09-25 00:00:00',NULL,1,7),(30,2,'Puestos de comida internacional, esquina norte','ACTIVE','2025-09-25 00:00:00',NULL,1,7),(31,1,'Mercado de productos locales, pasillo central','ACTIVE','2025-09-25 00:00:00',NULL,1,8),(32,2,'Zona de caf√©s y reposter√≠a, frente a los locales minoristas','ACTIVE','2025-09-25 00:00:00',NULL,1,8);
/*!40000 ALTER TABLE `BuildingArea` ENABLE KEYS */;
UNLOCK TABLES;

--
-- Table structure for table `Buildings`
--

DROP TABLE IF EXISTS `Buildings`;
/*!40101 SET @saved_cs_client     = @@character_set_client */;
/*!50503 SET character_set_client = utf8mb4 */;
CREATE TABLE `Buildings` (
  `buildingId` int NOT NULL AUTO_INCREMENT,
  `name` varchar(60) NOT NULL,
  `createdAt` datetime NOT NULL,
  `updatedAt` datetime DEFAULT NULL,
  `enabled` tinyint NOT NULL DEFAULT '1',
  `buildingStatus` enum('ACTIVE','UNDER_CONSTRUCTION','UNDER_RENOVATION','CLOSED') NOT NULL,
  `addressId` int NOT NULL,
  PRIMARY KEY (`buildingId`),
  UNIQUE KEY `addressId_UNIQUE` (`addressId`),
  KEY `fk_buildings_Addresses1_idx` (`addressId`),
  CONSTRAINT `fk_buildings_Addresses1` FOREIGN KEY (`addressId`) REFERENCES `Addresses` (`address_id`)
) ENGINE=InnoDB AUTO_INCREMENT=9 DEFAULT CHARSET=utf8mb4 COLLATE=utf8mb4_0900_ai_ci;
/*!40101 SET character_set_client = @saved_cs_client */;

--
-- Dumping data for table `Buildings`
--

LOCK TABLES `Buildings` WRITE;
/*!40000 ALTER TABLE `Buildings` DISABLE KEYS */;
INSERT INTO `Buildings` VALUES (1,'EDIFICIO CANTARRANA 212','2025-09-25 00:00:00',NULL,1,'ACTIVE',1),(2,'TORRE RONALDO FLORES','2025-09-25 00:00:00',NULL,1,'ACTIVE',2),(3,'CENTRO COMERCIAL LA CRUZ','2025-09-25 00:00:00',NULL,1,'ACTIVE',3),(4,'PLAZA REAL 434','2025-09-25 00:00:00',NULL,1,'ACTIVE',4),(5,'CONTENEDORES LA CUCHARA 33','2025-09-25 00:00:00',NULL,1,'ACTIVE',5),(6,'CORA BUILDING','2025-09-25 00:00:00',NULL,1,'ACTIVE',6),(7,'MERCADO CENTRAL','2025-09-25 00:00:00',NULL,1,'ACTIVE',7),(8,'PASEO DE LAS FLORES','2025-09-25 00:00:00',NULL,1,'ACTIVE',8);
/*!40000 ALTER TABLE `Buildings` ENABLE KEYS */;
UNLOCK TABLES;

--
-- Table structure for table `Business`
--

DROP TABLE IF EXISTS `Business`;
/*!40101 SET @saved_cs_client     = @@character_set_client */;
/*!50503 SET character_set_client = utf8mb4 */;
CREATE TABLE `Business` (
  `businessId` int NOT NULL AUTO_INCREMENT COMMENT 'Negocio/entidad jur√≠dica',
  `taxId` int NOT NULL,
  `legalId` varchar(45) NOT NULL,
  `name` varchar(50) NOT NULL,
  `legalName` varchar(50) NOT NULL,
  `description` varchar(255) DEFAULT NULL,
  `status` enum('ACTIVE','INACTIVE','SUSPENDED','CLOSED') NOT NULL,
  `createdAt` datetime NOT NULL,
  `updatedAt` datetime DEFAULT NULL,
  `enabled` tinyint NOT NULL DEFAULT '1',
  `bussinessRoleId` int NOT NULL,
  `legalAddressId` int NOT NULL,
  `legalEntityTypeId` int NOT NULL,
  `changed_by` int DEFAULT NULL,
  PRIMARY KEY (`businessId`),
  KEY `fk_Business_Addresses1_idx` (`legalAddressId`),
  KEY `fk_Business_entityType1_idx` (`legalEntityTypeId`),
  KEY `fk_Business_Users1_idx` (`changed_by`),
  KEY `fk_Business_BusinessRoles1_idx` (`bussinessRoleId`),
  CONSTRAINT `fk_Business_Addresses1` FOREIGN KEY (`legalAddressId`) REFERENCES `Addresses` (`address_id`),
  CONSTRAINT `fk_Business_BusinessRoles1` FOREIGN KEY (`bussinessRoleId`) REFERENCES `BusinessRoles` (`BussinessRoleId`),
  CONSTRAINT `fk_Business_entityType1` FOREIGN KEY (`legalEntityTypeId`) REFERENCES `LegalEntityTypes` (`EntityTypeId`),
  CONSTRAINT `fk_Business_Users1` FOREIGN KEY (`changed_by`) REFERENCES `Users` (`userId`)
) ENGINE=InnoDB AUTO_INCREMENT=37 DEFAULT CHARSET=utf8mb4 COLLATE=utf8mb4_0900_ai_ci;
/*!40101 SET character_set_client = @saved_cs_client */;

--
-- Dumping data for table `Business`
--

LOCK TABLES `Business` WRITE;
/*!40000 ALTER TABLE `Business` DISABLE KEYS */;
INSERT INTO `Business` VALUES (1,101234567,'1108108601','Mercado 88','Supermercado Central 88 S.A.','Cadena de administradores de supermercados','ACTIVE','2023-03-15 10:23:00',NULL,1,1,8,1,NULL),(2,102345678,'0202020202','GastroPark & Convenience','Parque Gastron√≥mico y de Conveniencia 23 S.R.L.','Cadena administradora de centros gastron√≥micos y minoristas','ACTIVE','2022-11-08 08:45:00',NULL,1,1,7,1,NULL),(3,103456789,'0303030303','Hamburguesas El Compa','Distribuidora El Compa S.C..','Venta de hamburguesas m√≥vil (foodtruck)','ACTIVE','2021-07-22 12:10:00',NULL,1,2,7,3,NULL),(4,104567890,'72404040404','Drones CR','Soluciones Tecnol√≥gicas Ricardo C.A.','Venta de drones y piezas por separado','ACTIVE','2020-05-30 09:00:00',NULL,1,2,4,8,NULL),(5,105678901,'05050750505','Mini Market Express','Mini Market Express S.A.','Mercado de conveniencia con alimentos y bebidas','ACTIVE','2023-01-18 14:35:00',NULL,1,2,10,2,NULL),(6,100789312,'10608860606','Restaurante Sabores','Restaurante Sabores S.A.','Restaurante de comida r√°pida y a la carta','ACTIVE','2022-09-10 11:50:00',NULL,1,2,1,4,NULL),(7,103545447,'31101010107','Jugueter√≠a Feliz','Jugueter√≠a Feliz S.R.L.','Juguetes y entretenimiento infantil','ACTIVE','2018-07-22 12:10:00',NULL,1,2,11,2,NULL),(8,103455438,'31012010108','Panader√≠a Dulce','Panader√≠a Dulce S.A.','Panader√≠a y reposter√≠a','ACTIVE','2018-07-12 12:10:00',NULL,1,2,12,2,NULL),(9,134534409,'31010150109','Librer√≠a Alfa','Librer√≠a Alfa S.R.L.','Libros y papeler√≠a','ACTIVE','2018-07-22 12:10:00',NULL,1,2,13,2,NULL),(10,101234567,'01201010341','Mercado 99','Supermercado Central 88 S.A.','Cadena de administradores de supermercados','ACTIVE','2023-03-15 10:23:00',NULL,1,1,2,1,NULL),(11,102345678,'34343456747','Electronic & Convenience','Electrodom√©sticos Alex S.A.','Venta de electrodom√©sticos y art√≠culos de conveniencia','ACTIVE','2022-12-08 08:45:00',NULL,1,2,7,1,NULL),(12,103456789,'03000307303','Tacos El Compadre','Distribuidora El Compadre S.C.','Venta de tacos m√≥vil (foodtruck)','ACTIVE','2021-07-22 12:10:00',NULL,1,2,5,3,NULL),(13,104567890,'01401106404','Reparaciones cell CR','Soluciones Tecnol√≥gicas Cell C.A.','Venta de piezas de celular','ACTIVE','2017-05-30 09:00:00',NULL,1,2,6,8,NULL),(14,105678901,'05457805405','Bebidas CR7','Bebidas Market CR7 S.R.L.','Mercado de bebidas energ√©ticas','ACTIVE','2024-01-18 14:35:00',NULL,1,2,10,2,NULL),(15,100789312,'34504504030','Pre U','Articulos universitarios S.C.S.','Venta de art√≠culos para la universidad','ACTIVE','2022-09-10 11:50:00',NULL,1,2,7,4,NULL),(16,103545447,'31367010172','Yardas Juan','Abastecedor Juan S.R.L.','Venta de bebidas alcoh√≥licas y conveniencia','ACTIVE','2022-07-22 12:10:00',NULL,1,2,11,2,NULL),(17,103455438,'03495094504','Panader√≠a Salada','Panader√≠a Salada S.R.L.','Panader√≠a y reposter√≠a salada','ACTIVE','2015-07-12 12:10:00',NULL,1,2,12,2,NULL),(18,134534409,'31010154109','Librer√≠a Omega','Librer√≠a Omega S.R.L.','Libros y papeler√≠a','ACTIVE','2014-07-22 12:10:00',NULL,1,2,13,2,NULL);
/*!40000 ALTER TABLE `Business` ENABLE KEYS */;
UNLOCK TABLES;

--
-- Table structure for table `BusinessCategories`
--

DROP TABLE IF EXISTS `BusinessCategories`;
/*!40101 SET @saved_cs_client     = @@character_set_client */;
/*!50503 SET character_set_client = utf8mb4 */;
CREATE TABLE `BusinessCategories` (
  `businessCategoryId` int NOT NULL AUTO_INCREMENT,
  `name` varchar(40) NOT NULL,
  PRIMARY KEY (`businessCategoryId`)
) ENGINE=InnoDB DEFAULT CHARSET=utf8mb4 COLLATE=utf8mb4_0900_ai_ci;
/*!40101 SET character_set_client = @saved_cs_client */;

--
-- Dumping data for table `BusinessCategories`
--

LOCK TABLES `BusinessCategories` WRITE;
/*!40000 ALTER TABLE `BusinessCategories` DISABLE KEYS */;
/*!40000 ALTER TABLE `BusinessCategories` ENABLE KEYS */;
UNLOCK TABLES;

--
-- Table structure for table `BusinessProducts`
--

DROP TABLE IF EXISTS `BusinessProducts`;
/*!40101 SET @saved_cs_client     = @@character_set_client */;
/*!50503 SET character_set_client = utf8mb4 */;
CREATE TABLE `BusinessProducts` (
  `businessProductId` int NOT NULL AUTO_INCREMENT,
  `name` varchar(60) NOT NULL,
  `description` varchar(255) NOT NULL,
  `status` enum('ACTIVE','INACTIVE','CHANGED','ELIMINATED') DEFAULT NULL,
  `price` float NOT NULL,
  `cost` float DEFAULT NULL,
  `createdAt` datetime NOT NULL,
  `updatedAt` datetime DEFAULT NULL,
  `enabled` tinyint NOT NULL,
  `businessId` int NOT NULL,
  `productCategoryId` int NOT NULL,
  `currencyId` int NOT NULL,
  `unitMeasureId` int DEFAULT NULL,
  PRIMARY KEY (`businessProductId`),
  KEY `fk_BusinessProducts_Business1_idx` (`businessId`),
  KEY `fk_BusinessProducts_ProductCategories1_idx` (`productCategoryId`),
  KEY `fk_BusinessProducts_Currencies1_idx` (`currencyId`),
  KEY `fk_BusinessProducts_UnitMeasures1_idx` (`unitMeasureId`),
  CONSTRAINT `fk_BusinessProducts_Business1` FOREIGN KEY (`businessId`) REFERENCES `Business` (`businessId`),
  CONSTRAINT `fk_BusinessProducts_Currencies1` FOREIGN KEY (`currencyId`) REFERENCES `Currencies` (`currencyId`),
  CONSTRAINT `fk_BusinessProducts_ProductCategories1` FOREIGN KEY (`productCategoryId`) REFERENCES `ProductCategories` (`productCategoryId`),
  CONSTRAINT `fk_BusinessProducts_UnitMeasures1` FOREIGN KEY (`unitMeasureId`) REFERENCES `UnitMeasures` (`unitMeasureId`)
) ENGINE=InnoDB AUTO_INCREMENT=16 DEFAULT CHARSET=utf8mb4 COLLATE=utf8mb4_0900_ai_ci;
/*!40101 SET character_set_client = @saved_cs_client */;

--
-- Dumping data for table `BusinessProducts`
--

LOCK TABLES `BusinessProducts` WRITE;
/*!40000 ALTER TABLE `BusinessProducts` DISABLE KEYS */;
INSERT INTO `BusinessProducts` VALUES (1,'Set de Lego City','Set de construcci√≥n Lego con 500 piezas','ACTIVE',25000,18000,'2024-09-01 08:00:00',NULL,1,7,1,1,1),(2,'Mu√±eca Barbie','Mu√±eca Barbie profesional con accesorios','ACTIVE',15000,11000,'2024-09-01 08:00:00',NULL,1,7,1,1,1),(3,'Carro de Control Remoto','Carro RC con bater√≠a recargable','ACTIVE',35000,28000,'2024-09-01 08:00:00',NULL,1,7,1,1,1),(4,'Rompecabezas 1000 piezas','Rompecabezas educativo de animales','ACTIVE',12000,8000,'2024-09-01 08:00:00',NULL,1,7,1,1,1),(5,'Juego de Mesa Monopoly','Juego cl√°sico de Monopoly edici√≥n especial','ACTIVE',18000,13000,'2024-09-01 08:00:00',NULL,1,7,1,1,1),(6,'Pan Franc√©s','Pan franc√©s artesanal reci√©n horneado','ACTIVE',1200,600,'2024-09-01 08:00:00',NULL,1,8,2,1,1),(7,'Croissant de Mantequilla','Croissant hojaldrado con mantequilla','ACTIVE',800,400,'2024-09-01 08:00:00',NULL,1,8,2,1,1),(8,'Torta de Chocolate','Torta de chocolate premium por porci√≥n','ACTIVE',2000,1200,'2024-09-01 08:00:00',NULL,1,8,2,1,1),(9,'Galletas de Avena','Galletas de avena con pasas y miel','ACTIVE',600,300,'2024-09-01 08:00:00',NULL,1,8,2,1,1),(10,'Empanada de Pi√±a','Empanada dulce rellena de pi√±a','ACTIVE',1000,500,'2024-09-01 08:00:00',NULL,1,8,2,1,1),(11,'Libro de Cocina','Libro de recetas tradicionales costarricenses','ACTIVE',15000,9000,'2024-09-01 08:00:00',NULL,1,9,3,1,1),(12,'Cuaderno Universitario','Cuaderno de 100 hojas rayado','ACTIVE',2500,1500,'2024-09-01 08:00:00',NULL,1,9,3,1,1),(13,'Set de Bol√≠grafos','Paquete de 5 bol√≠grafos de colores','ACTIVE',3000,1800,'2024-09-01 08:00:00',NULL,1,9,3,1,1),(14,'Mochila Escolar','Mochila resistente con compartimentos','ACTIVE',22000,15000,'2024-09-01 08:00:00',NULL,1,9,3,1,1),(15,'Calculadora Cient√≠fica','Calculadora cient√≠fica para estudiantes','ACTIVE',12000,8000,'2024-09-01 08:00:00',NULL,1,9,3,1,1);
/*!40000 ALTER TABLE `BusinessProducts` ENABLE KEYS */;
UNLOCK TABLES;

--
-- Table structure for table `BusinessRoles`
--

DROP TABLE IF EXISTS `BusinessRoles`;
/*!40101 SET @saved_cs_client     = @@character_set_client */;
/*!50503 SET character_set_client = utf8mb4 */;
CREATE TABLE `BusinessRoles` (
  `BussinessRoleId` int NOT NULL AUTO_INCREMENT,
  `name` varchar(30) DEFAULT NULL,
  PRIMARY KEY (`BussinessRoleId`)
) ENGINE=InnoDB AUTO_INCREMENT=3 DEFAULT CHARSET=utf8mb4 COLLATE=utf8mb4_0900_ai_ci;
/*!40101 SET character_set_client = @saved_cs_client */;

--
-- Dumping data for table `BusinessRoles`
--

LOCK TABLES `BusinessRoles` WRITE;
/*!40000 ALTER TABLE `BusinessRoles` DISABLE KEYS */;
INSERT INTO `BusinessRoles` VALUES (1,'ADMIN'),(2,'TENANT');
/*!40000 ALTER TABLE `BusinessRoles` ENABLE KEYS */;
UNLOCK TABLES;

--
-- Table structure for table `BusinessSaleItems`
--

DROP TABLE IF EXISTS `BusinessSaleItems`;
/*!40101 SET @saved_cs_client     = @@character_set_client */;
/*!50503 SET character_set_client = utf8mb4 */;
CREATE TABLE `BusinessSaleItems` (
  `businessSaleItemId` int NOT NULL AUTO_INCREMENT,
  `name` varchar(60) NOT NULL,
  `description` varchar(255) NOT NULL,
  `price` float NOT NULL,
  `barCode` varchar(50) NOT NULL,
  `status` enum('ACTIVE','INACTIVE','CHANGED','ELIMINATED') NOT NULL,
  `createdAt` datetime NOT NULL,
  `updatedAt` datetime DEFAULT NULL,
  `enabled` tinyint NOT NULL,
  `businessId` int NOT NULL,
  `currencyId` int NOT NULL,
  PRIMARY KEY (`businessSaleItemId`),
  KEY `fk_BusinessSaleItems_Business1_idx` (`businessId`),
  KEY `fk_BusinessSaleItems_Currencies1_idx` (`currencyId`),
  CONSTRAINT `fk_BusinessSaleItems_Business1` FOREIGN KEY (`businessId`) REFERENCES `Business` (`businessId`),
  CONSTRAINT `fk_BusinessSaleItems_Currencies1` FOREIGN KEY (`currencyId`) REFERENCES `Currencies` (`currencyId`)
) ENGINE=InnoDB DEFAULT CHARSET=utf8mb4 COLLATE=utf8mb4_0900_ai_ci;
/*!40101 SET character_set_client = @saved_cs_client */;

--
-- Dumping data for table `BusinessSaleItems`
--

LOCK TABLES `BusinessSaleItems` WRITE;
/*!40000 ALTER TABLE `BusinessSaleItems` DISABLE KEYS */;
/*!40000 ALTER TABLE `BusinessSaleItems` ENABLE KEYS */;
UNLOCK TABLES;

--
-- Table structure for table `CategoriesPerBusiness`
--

DROP TABLE IF EXISTS `CategoriesPerBusiness`;
/*!40101 SET @saved_cs_client     = @@character_set_client */;
/*!50503 SET character_set_client = utf8mb4 */;
CREATE TABLE `CategoriesPerBusiness` (
  `BusinessId` int NOT NULL,
  `BuisinessCategoryId` int NOT NULL,
  `status` enum('ACTIVE','INACTIVE','ELIMINATED') NOT NULL,
  `createdAt` datetime NOT NULL,
  `updatedAt` datetime DEFAULT NULL,
  `enabled` tinyint NOT NULL,
  PRIMARY KEY (`BusinessId`,`BuisinessCategoryId`),
  KEY `fk_Business_has_Business_category_Business_category1_idx` (`BuisinessCategoryId`),
  KEY `fk_Business_has_Business_category_Business1_idx` (`BusinessId`),
  CONSTRAINT `fk_Business_has_Business_category_Business1` FOREIGN KEY (`BusinessId`) REFERENCES `Business` (`businessId`),
  CONSTRAINT `fk_Business_has_Business_category_Business_category1` FOREIGN KEY (`BuisinessCategoryId`) REFERENCES `BusinessCategories` (`businessCategoryId`)
) ENGINE=InnoDB DEFAULT CHARSET=utf8mb4 COLLATE=utf8mb4_0900_ai_ci;
/*!40101 SET character_set_client = @saved_cs_client */;

--
-- Dumping data for table `CategoriesPerBusiness`
--

LOCK TABLES `CategoriesPerBusiness` WRITE;
/*!40000 ALTER TABLE `CategoriesPerBusiness` DISABLE KEYS */;
/*!40000 ALTER TABLE `CategoriesPerBusiness` ENABLE KEYS */;
UNLOCK TABLES;

--
-- Table structure for table `Cities`
--

DROP TABLE IF EXISTS `Cities`;
/*!40101 SET @saved_cs_client     = @@character_set_client */;
/*!50503 SET character_set_client = utf8mb4 */;
CREATE TABLE `Cities` (
  `cityId` int NOT NULL AUTO_INCREMENT,
  `name` varchar(50) NOT NULL,
  `stateId` int NOT NULL,
  PRIMARY KEY (`cityId`),
  KEY `fk_cities_States1_idx` (`stateId`),
  CONSTRAINT `fk_cities_States1` FOREIGN KEY (`stateId`) REFERENCES `States` (`stateId`)
) ENGINE=InnoDB AUTO_INCREMENT=8 DEFAULT CHARSET=utf8mb4 COLLATE=utf8mb4_0900_ai_ci;
/*!40101 SET character_set_client = @saved_cs_client */;

--
-- Dumping data for table `Cities`
--

LOCK TABLES `Cities` WRITE;
/*!40000 ALTER TABLE `Cities` DISABLE KEYS */;
INSERT INTO `Cities` VALUES (1,'SAN JOS√â',1),(2,'ESCAZ√ö',1),(3,'SAN PEDRO',1),(4,'CARTAGO',2),(5,'PARA√çSO',2),(6,'BEL√âN',3),(7,'SANTO DOMINGO',3);
/*!40000 ALTER TABLE `Cities` ENABLE KEYS */;
UNLOCK TABLES;

--
-- Table structure for table `ContactMethodTypes`
--

DROP TABLE IF EXISTS `ContactMethodTypes`;
/*!40101 SET @saved_cs_client     = @@character_set_client */;
/*!50503 SET character_set_client = utf8mb4 */;
CREATE TABLE `ContactMethodTypes` (
  `contactMethodTypeId` int NOT NULL AUTO_INCREMENT,
  `name` varchar(40) NOT NULL,
  PRIMARY KEY (`contactMethodTypeId`)
) ENGINE=InnoDB DEFAULT CHARSET=utf8mb4 COLLATE=utf8mb4_0900_ai_ci;
/*!40101 SET character_set_client = @saved_cs_client */;

--
-- Dumping data for table `ContactMethodTypes`
--

LOCK TABLES `ContactMethodTypes` WRITE;
/*!40000 ALTER TABLE `ContactMethodTypes` DISABLE KEYS */;
/*!40000 ALTER TABLE `ContactMethodTypes` ENABLE KEYS */;
UNLOCK TABLES;

--
-- Table structure for table `ContactMethods`
--

DROP TABLE IF EXISTS `ContactMethods`;
/*!40101 SET @saved_cs_client     = @@character_set_client */;
/*!50503 SET character_set_client = utf8mb4 */;
CREATE TABLE `ContactMethods` (
  `contactMethodId` int NOT NULL AUTO_INCREMENT,
  `name` varchar(50) NOT NULL,
  `status` enum('ACTIVE','INACTIVE','ELIMINATED') NOT NULL,
  `createdAt` datetime NOT NULL,
  `updatedAt` datetime DEFAULT NULL,
  `enabled` tinyint NOT NULL,
  `contactMethodTypeiId` int NOT NULL,
  PRIMARY KEY (`contactMethodId`),
  KEY `fk_ContactMethods_ContactMethod_types1_idx` (`contactMethodTypeiId`),
  CONSTRAINT `fk_ContactMethods_ContactMethod_types1` FOREIGN KEY (`contactMethodTypeiId`) REFERENCES `ContactMethodTypes` (`contactMethodTypeId`)
) ENGINE=InnoDB DEFAULT CHARSET=utf8mb4 COLLATE=utf8mb4_0900_ai_ci;
/*!40101 SET character_set_client = @saved_cs_client */;

--
-- Dumping data for table `ContactMethods`
--

LOCK TABLES `ContactMethods` WRITE;
/*!40000 ALTER TABLE `ContactMethods` DISABLE KEYS */;
/*!40000 ALTER TABLE `ContactMethods` ENABLE KEYS */;
UNLOCK TABLES;

--
-- Table structure for table `ContactMethodsPerBusiness`
--

DROP TABLE IF EXISTS `ContactMethodsPerBusiness`;
/*!40101 SET @saved_cs_client     = @@character_set_client */;
/*!50503 SET character_set_client = utf8mb4 */;
CREATE TABLE `ContactMethodsPerBusiness` (
  `businessId` int NOT NULL,
  `contactMethodId` int NOT NULL,
  `status` enum('ACTIVE','INACTIVE','CHANGED','ELIMINATED') NOT NULL,
  `createdAt` datetime NOT NULL,
  `updatedAt` datetime DEFAULT NULL,
  `enabled` tinyint NOT NULL,
  PRIMARY KEY (`businessId`,`contactMethodId`),
  KEY `fk_Business_has_ContactMethods_ContactMethods1_idx` (`contactMethodId`),
  KEY `fk_Business_has_ContactMethods_Business1_idx` (`businessId`),
  CONSTRAINT `fk_Business_has_ContactMethods_Business1` FOREIGN KEY (`businessId`) REFERENCES `Business` (`businessId`),
  CONSTRAINT `fk_Business_has_ContactMethods_ContactMethods1` FOREIGN KEY (`contactMethodId`) REFERENCES `ContactMethods` (`contactMethodId`)
) ENGINE=InnoDB DEFAULT CHARSET=utf8mb4 COLLATE=utf8mb4_0900_ai_ci;
/*!40101 SET character_set_client = @saved_cs_client */;

--
-- Dumping data for table `ContactMethodsPerBusiness`
--

LOCK TABLES `ContactMethodsPerBusiness` WRITE;
/*!40000 ALTER TABLE `ContactMethodsPerBusiness` DISABLE KEYS */;
/*!40000 ALTER TABLE `ContactMethodsPerBusiness` ENABLE KEYS */;
UNLOCK TABLES;

--
-- Table structure for table `ContactMethodsPerUser`
--

DROP TABLE IF EXISTS `ContactMethodsPerUser`;
/*!40101 SET @saved_cs_client     = @@character_set_client */;
/*!50503 SET character_set_client = utf8mb4 */;
CREATE TABLE `ContactMethodsPerUser` (
  `userId` int NOT NULL AUTO_INCREMENT,
  `contactMethodId` int NOT NULL,
  `createdAt` datetime NOT NULL,
  `updatedAt` datetime DEFAULT NULL,
  `enabled` tinyint NOT NULL,
  `status` enum('ACTIVE','INACTIVE','CHANGED','ELIMINATED') NOT NULL,
  PRIMARY KEY (`userId`,`contactMethodId`),
  KEY `fk_Users_has_ContactMethods_ContactMethods1_idx` (`contactMethodId`),
  KEY `fk_Users_has_ContactMethods_Users1_idx` (`userId`),
  CONSTRAINT `fk_Users_has_ContactMethods_ContactMethods1` FOREIGN KEY (`contactMethodId`) REFERENCES `ContactMethods` (`contactMethodId`),
  CONSTRAINT `fk_Users_has_ContactMethods_Users1` FOREIGN KEY (`userId`) REFERENCES `Users` (`userId`)
) ENGINE=InnoDB DEFAULT CHARSET=utf8mb4 COLLATE=utf8mb4_0900_ai_ci;
/*!40101 SET character_set_client = @saved_cs_client */;

--
-- Dumping data for table `ContactMethodsPerUser`
--

LOCK TABLES `ContactMethodsPerUser` WRITE;
/*!40000 ALTER TABLE `ContactMethodsPerUser` DISABLE KEYS */;
/*!40000 ALTER TABLE `ContactMethodsPerUser` ENABLE KEYS */;
UNLOCK TABLES;

--
-- Table structure for table `Contracts`
--

DROP TABLE IF EXISTS `Contracts`;
/*!40101 SET @saved_cs_client     = @@character_set_client */;
/*!50503 SET character_set_client = utf8mb4 */;
CREATE TABLE `Contracts` (
  `contractId` int NOT NULL AUTO_INCREMENT,
  `legalId` varchar(50) DEFAULT NULL,
  `rentAmount` float NOT NULL,
  `depositAmount` float NOT NULL COMMENT 'Pago inicial de garant√≠a',
  `feePercentage` float NOT NULL,
  `status` enum('PENDING','ACTIVE','TERMINATED','EXPIRED') NOT NULL,
  `latePaymentPolicy` varchar(255) NOT NULL,
  `termsAndConditions` tinytext,
  `fileURL` varchar(255) NOT NULL,
  `enabled` tinyint NOT NULL DEFAULT '0',
  `createdAt` datetime NOT NULL,
  `updatedAt` datetime DEFAULT NULL,
  `startDate` datetime NOT NULL,
  `endDate` datetime NOT NULL,
  `rentPaymentFrequencyId` int NOT NULL,
  `currencyId` int NOT NULL,
  `adminBusinessId` int NOT NULL,
  `tenantBusinessId` int NOT NULL,
  `createdBy` int DEFAULT NULL,
  `signedBy` int DEFAULT NULL,
  PRIMARY KEY (`contractId`),
  KEY `fk_Contracts_Business1_idx` (`tenantBusinessId`),
  KEY `fk_Contracts_Business2_idx` (`adminBusinessId`),
  KEY `fk_Contracts_Users1_idx` (`signedBy`),
  KEY `fk_Contracts_Users2_idx` (`createdBy`),
  KEY `fk_Contracts_RentPaymentFrequency1_idx` (`rentPaymentFrequencyId`),
  KEY `fk_Contracts_CurrencyCodes1_idx` (`currencyId`),
  CONSTRAINT `fk_Contracts_Business1` FOREIGN KEY (`tenantBusinessId`) REFERENCES `Business` (`businessId`),
  CONSTRAINT `fk_Contracts_Business2` FOREIGN KEY (`adminBusinessId`) REFERENCES `Business` (`businessId`),
  CONSTRAINT `fk_Contracts_CurrencyCodes1` FOREIGN KEY (`currencyId`) REFERENCES `Currencies` (`currencyId`),
  CONSTRAINT `fk_Contracts_RentPaymentFrequency1` FOREIGN KEY (`rentPaymentFrequencyId`) REFERENCES `RentPaymentFrequencies` (`rentPaymentFrequencyId`),
  CONSTRAINT `fk_Contracts_Users1` FOREIGN KEY (`signedBy`) REFERENCES `Users` (`userId`),
  CONSTRAINT `fk_Contracts_Users2` FOREIGN KEY (`createdBy`) REFERENCES `Users` (`userId`)
) ENGINE=InnoDB AUTO_INCREMENT=18 DEFAULT CHARSET=utf8mb4 COLLATE=utf8mb4_0900_ai_ci;
/*!40101 SET character_set_client = @saved_cs_client */;

--
-- Dumping data for table `Contracts`
--

LOCK TABLES `Contracts` WRITE;
/*!40000 ALTER TABLE `Contracts` DISABLE KEYS */;
INSERT INTO `Contracts` VALUES (1,'W912HN-01-C-0022 0034',730000,0,2.8,'ACTIVE','En caso de retraso de pago, se aplicar√° un recargo del 5% sobre pendiente por cada d√≠a de retraso. El inquilino ser√° notificado por correo y tendr√° un plazo m√°ximo de 10 d√≠as calendario para regularizar el pago antes de iniciar acciones adicionales.','El uso de las instalaciones est√° sujeto a las normasy regulaciones . El arrendatario se compromete a cumplir con todas las obligaciones de pago, mantenimiento y seguridad.','https://example.com/files/contrato_001.pdf',1,'2025-07-22 12:10:00',NULL,'2025-08-22 12:10:00','2026-08-22 12:10:00',1,1,1,4,NULL,NULL),(2,'W912HN-01-C-0022 0022',740000,0,6,'ACTIVE','En caso de retraso de pago, se aplicar√° un recargo del 5% sobre pendiente por cada d√≠a de retraso. El inquilino ser√° notificado por correo y tendr√° un plazo m√°ximo de 10 d√≠as calendario para regularizar el pago antes de iniciar acciones adicionales.','El uso de las instalaciones est√° sujeto a las normasy regulaciones . El arrendatario se compromete a cumplir con todas las obligaciones de pago, mantenimiento y seguridad.','https://example.com/files/contrato_002.pdf',1,'2025-03-22 12:10:00',NULL,'2025-04-22 12:10:00','2026-04-22 12:10:00',1,1,1,3,NULL,NULL),(3,'W912HN-01-C-0025 0567',720000,0,6.6,'ACTIVE','En caso de retraso de pago, se aplicar√° un recargo del 5% sobre pendiente por cada d√≠a de retraso. El inquilino ser√° notificado por correo y tendr√° un plazo m√°ximo de 10 d√≠as calendario para regularizar el pago antes de iniciar acciones adicionales.','El uso de las instalaciones est√° sujeto a las normasy regulaciones . El arrendatario se compromete a cumplir con todas las obligaciones de pago, mantenimiento y seguridad.','https://example.com/files/contrato_003.pdf',1,'2024-12-22 12:10:00',NULL,'2025-01-22 12:10:00','2026-01-22 12:10:00',1,1,1,5,NULL,NULL),(4,'W912HN-01-C-0021 1111',735000,0,4,'ACTIVE','En caso de retraso de pago, se aplicar√° un recargo del 5% sobre pendiente por cada d√≠a de retraso. El inquilino ser√° notificado por correo y tendr√° un plazo m√°ximo de 10 d√≠as calendario para regularizar el pago antes de iniciar acciones adicionales.','El uso de las instalaciones est√° sujeto a las normasy regulaciones . El arrendatario se compromete a cumplir con todas las obligaciones de pago, mantenimiento y seguridad.','https://example.com/files/contrato_004.pdf',1,'2024-10-22 12:10:00',NULL,'2025-02-22 12:10:00','2026-02-22 12:10:00',1,1,1,6,NULL,NULL),(5,'CR-2025-001-A 2024',550000,0,5,'ACTIVE','En caso de retraso de pago, se aplicar√° un recargo fijo de ‚Ç°15,000 por cada semana de mora.','El arrendatario deber√° mantener limpio el local y cumplir con horarios establecidos por la administraci√≥n.','https://storage.mysite.com/docs/contrato_004.pdf',1,'2025-01-05 10:00:00',NULL,'2025-02-01 00:00:00','2026-02-01 00:00:00',1,1,10,11,NULL,NULL),(6,'CR-2025-002-B 3425',800000,0,7.5,'ACTIVE','El atraso en el pago generar√° un recargo del 3% mensual sobre el monto pendiente.','El arrendatario se compromete a no modificar la infraestructura sin autorizaci√≥n expresa.','https://cdn.example.org/uploads/contrato_005.pdf',1,'2025-02-10 09:30:00',NULL,'2025-03-01 00:00:00','2026-03-01 00:00:00',1,1,10,7,NULL,NULL),(7,'CR-2025-003-C 2356',650000,0,6,'ACTIVE','Por cada d√≠a de atraso se cobrar√° un recargo del 2% sobre el monto mensual.','El arrendatario deber√° respetar las normas de seguridad e higiene del mercado.','https://fileserver.local/files/contrato_006.pdf',1,'2025-03-15 15:45:00',NULL,'2025-04-01 00:00:00','2026-04-01 00:00:00',1,1,10,8,NULL,NULL),(8,'CR-2025-004-D 2355',900000,0,8,'ACTIVE','En caso de atraso mayor a 15 d√≠as, la administraci√≥n podr√° suspender el servicio el√©ctrico del local.','El arrendatario est√° obligado a pagar puntualmente y mantener un ambiente seguro para clientes.','https://example.com/files/contrato_007.pdf',1,'2025-04-20 11:20:00',NULL,'2025-05-01 00:00:00','2026-05-01 00:00:00',1,1,10,9,NULL,NULL),(9,'CR-2025-005-E 2353',480000,0,5.5,'ACTIVE','En caso de retraso de pago, se aplicar√° un recargo del 2% por cada d√≠a calendario vencido.','El arrendatario deber√° mantener el local en condiciones de higiene adecuadas.','https://example.com/files/contrato_012.pdf',1,'2025-01-12 09:00:00',NULL,'2025-02-01 00:00:00','2026-02-01 00:00:00',1,1,2,12,NULL,NULL),(10,'CR-2025-006-F 5555',520000,0,6,'ACTIVE','El atraso en el pago generar√° un recargo fijo de ‚Ç°10,000 por semana de mora.','El arrendatario no podr√° realizar modificaciones estructurales sin autorizaci√≥n previa.','https://storage.mysite.com/docs/contrato_013.pdf',1,'2025-02-01 14:30:00',NULL,'2025-03-01 00:00:00','2026-03-01 00:00:00',1,1,2,13,NULL,NULL),(11,'CR-2025-007-G 7567',600000,0,7,'ACTIVE','En caso de retraso mayor a 10 d√≠as, la administraci√≥n podr√° suspender temporalmente el servicio el√©ctrico.','El arrendatario deber√° respetar las normas de convivencia establecidas.','https://cdn.example.org/uploads/contrato_014.pdf',1,'2025-02-20 11:15:00',NULL,'2025-04-01 00:00:00','2026-04-01 00:00:00',1,1,2,14,NULL,NULL),(12,'CR-2025-008-H 1111',700000,0,7.5,'ACTIVE','Por cada d√≠a de atraso se cobrar√° un 3% adicional sobre el monto mensual.','El arrendatario deber√° cumplir con el horario de apertura y cierre definido por la administraci√≥n.','https://fileserver.local/files/contrato_015.pdf',1,'2025-03-10 08:20:00',NULL,'2025-05-01 00:00:00','2026-05-01 00:00:00',1,1,2,15,NULL,NULL),(13,'CR-2025-009-I 8999',750000,0,8,'ACTIVE','El incumplimiento en los pagos por m√°s de 30 d√≠as dar√° lugar a la rescisi√≥n autom√°tica del contrato.','El arrendatario est√° obligado a mantener libre de deudas los servicios b√°sicos del local.','https://example.com/files/contrato_016.pdf',1,'2025-04-05 10:45:00',NULL,'2025-06-01 00:00:00','2026-06-01 00:00:00',1,1,2,16,NULL,NULL);
/*!40000 ALTER TABLE `Contracts` ENABLE KEYS */;
UNLOCK TABLES;

--
-- Table structure for table `Countries`
--

DROP TABLE IF EXISTS `Countries`;
/*!40101 SET @saved_cs_client     = @@character_set_client */;
/*!50503 SET character_set_client = utf8mb4 */;
CREATE TABLE `Countries` (
  `countryId` int NOT NULL AUTO_INCREMENT,
  `name` varchar(50) NOT NULL,
  PRIMARY KEY (`countryId`)
) ENGINE=InnoDB AUTO_INCREMENT=4 DEFAULT CHARSET=utf8mb4 COLLATE=utf8mb4_0900_ai_ci;
/*!40101 SET character_set_client = @saved_cs_client */;

--
-- Dumping data for table `Countries`
--

LOCK TABLES `Countries` WRITE;
/*!40000 ALTER TABLE `Countries` DISABLE KEYS */;
INSERT INTO `Countries` VALUES (1,'COSTA RICA'),(2,'PANAM√Å'),(3,'NICARAGUA');
/*!40000 ALTER TABLE `Countries` ENABLE KEYS */;
UNLOCK TABLES;

--
-- Table structure for table `Currencies`
--

DROP TABLE IF EXISTS `Currencies`;
/*!40101 SET @saved_cs_client     = @@character_set_client */;
/*!50503 SET character_set_client = utf8mb4 */;
CREATE TABLE `Currencies` (
  `currencyId` int NOT NULL AUTO_INCREMENT,
  `name` varchar(30) NOT NULL,
  `code` varchar(4) NOT NULL,
  `symbol` varchar(2) NOT NULL,
  PRIMARY KEY (`currencyId`)
) ENGINE=InnoDB AUTO_INCREMENT=4 DEFAULT CHARSET=utf8mb4 COLLATE=utf8mb4_0900_ai_ci;
/*!40101 SET character_set_client = @saved_cs_client */;

--
-- Dumping data for table `Currencies`
--

LOCK TABLES `Currencies` WRITE;
/*!40000 ALTER TABLE `Currencies` DISABLE KEYS */;
INSERT INTO `Currencies` VALUES (1,'Col√≥n costarricense','CRC','‚Ç°'),(2,'Dolar estadounidense','USD','$'),(3,'Euro','EUR','‚Ç¨');
/*!40000 ALTER TABLE `Currencies` ENABLE KEYS */;
UNLOCK TABLES;

--
-- Table structure for table `Inventory`
--

DROP TABLE IF EXISTS `Inventory`;
/*!40101 SET @saved_cs_client     = @@character_set_client */;
/*!50503 SET character_set_client = utf8mb4 */;
CREATE TABLE `Inventory` (
  `InventoryId` int NOT NULL AUTO_INCREMENT,
  `status` enum('ACTIVE','INACTIVE','ELIMINATED') NOT NULL,
  `quantity` int NOT NULL,
  `createdAt` datetime NOT NULL,
  `updatedAt` datetime DEFAULT NULL,
  `enabled` tinyint NOT NULL,
  `contractId` int NOT NULL,
  `businessProductId` int NOT NULL,
  PRIMARY KEY (`InventoryId`),
  KEY `fk_Inventory_Contracts1_idx` (`contractId`),
  KEY `fk_Inventory_BusinessProducts1_idx` (`businessProductId`),
  CONSTRAINT `fk_Inventory_BusinessProducts1` FOREIGN KEY (`businessProductId`) REFERENCES `BusinessProducts` (`businessProductId`),
  CONSTRAINT `fk_Inventory_Contracts1` FOREIGN KEY (`contractId`) REFERENCES `Contracts` (`contractId`)
) ENGINE=InnoDB AUTO_INCREMENT=16 DEFAULT CHARSET=utf8mb4 COLLATE=utf8mb4_0900_ai_ci;
/*!40101 SET character_set_client = @saved_cs_client */;

--
-- Dumping data for table `Inventory`
--

LOCK TABLES `Inventory` WRITE;
/*!40000 ALTER TABLE `Inventory` DISABLE KEYS */;
INSERT INTO `Inventory` VALUES (1,'ACTIVE',75,'2024-06-01 08:00:00','2025-10-01 01:59:27',1,6,1),(2,'ACTIVE',58,'2024-06-01 08:00:00','2025-06-04 03:13:52',1,6,2),(3,'ACTIVE',34,'2024-06-01 08:00:00','2025-06-24 01:46:52',1,6,3),(4,'ACTIVE',61,'2024-06-01 08:00:00','2025-06-11 08:44:52',1,6,4),(5,'ACTIVE',28,'2024-06-01 08:00:00','2025-06-29 05:36:52',1,6,5),(6,'ACTIVE',407,'2024-06-01 08:00:00','2025-06-09 02:32:52',1,7,6),(7,'ACTIVE',324,'2024-06-01 08:00:00','2025-06-18 07:03:52',1,7,7),(8,'ACTIVE',145,'2024-06-01 08:00:00','2025-06-18 03:54:52',1,7,8),(9,'ACTIVE',538,'2024-06-01 08:00:00','2025-06-21 12:12:52',1,7,9),(10,'ACTIVE',258,'2024-06-01 08:00:00','2025-06-28 09:53:52',1,7,10),(11,'ACTIVE',33,'2024-06-01 08:00:00','2025-06-29 03:48:52',1,8,11),(12,'ACTIVE',247,'2024-06-01 08:00:00','2025-06-15 11:20:52',1,8,12),(13,'ACTIVE',217,'2024-06-01 08:00:00','2025-06-22 02:42:52',1,8,13),(14,'ACTIVE',21,'2024-06-01 08:00:00','2025-06-16 08:12:52',1,8,14),(15,'ACTIVE',39,'2024-06-01 08:00:00','2025-06-26 13:59:52',1,8,15);
/*!40000 ALTER TABLE `Inventory` ENABLE KEYS */;
UNLOCK TABLES;

--
-- Table structure for table `InventoryLogTypes`
--

DROP TABLE IF EXISTS `InventoryLogTypes`;
/*!40101 SET @saved_cs_client     = @@character_set_client */;
/*!50503 SET character_set_client = utf8mb4 */;
CREATE TABLE `InventoryLogTypes` (
  `InventoryLogTypeId` int NOT NULL AUTO_INCREMENT,
  `name` varchar(60) DEFAULT NULL,
  PRIMARY KEY (`InventoryLogTypeId`)
) ENGINE=InnoDB AUTO_INCREMENT=5 DEFAULT CHARSET=utf8mb4 COLLATE=utf8mb4_0900_ai_ci;
/*!40101 SET character_set_client = @saved_cs_client */;

--
-- Dumping data for table `InventoryLogTypes`
--

LOCK TABLES `InventoryLogTypes` WRITE;
/*!40000 ALTER TABLE `InventoryLogTypes` DISABLE KEYS */;
INSERT INTO `InventoryLogTypes` VALUES (1,'VENTA_NORMAL'),(2,'VENTA_MAYORISTA'),(3,'COMPRA_PROVEEDOR'),(4,'AJUSTE_INVENTARIO');
/*!40000 ALTER TABLE `InventoryLogTypes` ENABLE KEYS */;
UNLOCK TABLES;

--
-- Table structure for table `InventoryLogs`
--

DROP TABLE IF EXISTS `InventoryLogs`;
/*!40101 SET @saved_cs_client     = @@character_set_client */;
/*!50503 SET character_set_client = utf8mb4 */;
CREATE TABLE `InventoryLogs` (
  `InventoryLogId` int NOT NULL AUTO_INCREMENT,
  `changeQuantity` int NOT NULL,
  `changeType` enum('SALE','PURCHASE','ASJUSTMENT','TRANSFER') NOT NULL,
  `InventoryLogTypeId` int NOT NULL,
  `InventoryId` int NOT NULL,
  `checksum` varchar(64) NOT NULL,
  `createdAt` datetime NOT NULL,
  PRIMARY KEY (`InventoryLogId`),
  KEY `fk_InventoryLogs_InventoryLogTypes1_idx` (`InventoryLogTypeId`),
  KEY `fk_InventoryLogs_Inventory1_idx` (`InventoryId`),
  CONSTRAINT `fk_InventoryLogs_Inventory1` FOREIGN KEY (`InventoryId`) REFERENCES `Inventory` (`InventoryId`),
  CONSTRAINT `fk_InventoryLogs_InventoryLogTypes1` FOREIGN KEY (`InventoryLogTypeId`) REFERENCES `InventoryLogTypes` (`InventoryLogTypeId`)
) ENGINE=InnoDB AUTO_INCREMENT=240 DEFAULT CHARSET=utf8mb4 COLLATE=utf8mb4_0900_ai_ci;
/*!40101 SET character_set_client = @saved_cs_client */;

--
-- Dumping data for table `InventoryLogs`
--

LOCK TABLES `InventoryLogs` WRITE;
/*!40000 ALTER TABLE `InventoryLogs` DISABLE KEYS */;
INSERT INTO `InventoryLogs` VALUES (1,-1,'SALE',1,15,'db12a15572365b05bce9919f53110d4639050c87acace4c08123a3455a732a78','2025-09-02 07:49:45'),(2,-6,'SALE',1,7,'2a4f6e44196d11f5326dd1336637af9c6f3967e8b5e3ef6c995e049b2dd70022','2025-09-09 08:43:45'),(3,-4,'SALE',1,9,'9e5fd648e33f310790647b4ff8fb0c1f762cd87860c9b98f741d6eaec060d00f','2025-09-05 02:16:45'),(4,-1,'SALE',1,15,'b43b5a17164411b1517d4e83ca9672860f7439c4933abcf6e8a549d4263a1c4a','2025-09-05 02:14:45'),(5,-1,'SALE',1,4,'16f2582350249280c26b7b289f273c1700b07a07ff86b7a0cf7fc718448605ae','2025-09-10 03:05:45'),(6,-2,'SALE',1,13,'e35874f7b9ff3f99a20ab6c798daf5a0fc585ee25b054211e6dfd346a8b7a8e5','2025-09-19 12:06:45'),(7,-1,'SALE',1,5,'c3af7eb90185e70796600c3fa5ac29116e118764552c3d9f63554491bdaa895f','2025-09-17 10:27:45'),(8,-2,'SALE',1,3,'1db3cdd61a1e782e0e0471f4e399924c3297be258198102c83219ed9d35785f1','2025-09-02 12:29:45'),(9,-4,'SALE',1,15,'806de80677208bcaba6408068e49f955c5b2f7761438d59fdf6ae866c669f5a6','2025-09-20 08:46:45'),(10,-1,'SALE',1,14,'6807d11c05dbd8c27bd9daa8d21431cc6cc68f90fe79679ce8e1da0f3d2e8af5','2025-09-22 04:36:45'),(11,-3,'SALE',1,14,'7319937fb1f6007cf369c7bfbe9bf8c09d6d1fa5b07efc8cb5520fe116d9ecfc','2025-09-28 07:25:45'),(12,-1,'SALE',1,2,'6f2eed6eb56e2ceb9df61ec277180013297344b36a3db7b2b1eba24a60ddb75b','2025-09-18 13:33:45'),(13,-3,'SALE',1,7,'76de7efeea9761118db89d107535b00c3ce9cb0a93dd9f06eecb6dc091bc8af1','2025-09-14 01:38:45'),(14,-4,'SALE',1,10,'77c0c2222c6258f6e99568a715658081f15257cba772166ca1817a0b970f0799','2025-09-08 05:46:45'),(15,-2,'SALE',1,4,'a9fd2d4150a84d753a3024d99418c5aa911feb0307a79bf0bfdcb36744eac630','2025-10-01 06:10:45'),(16,-1,'SALE',1,12,'9a12ec9f1a4c0aa134ed26cebe6b805b40e475f6e4c058a11bfcfa5ad4745506','2025-09-22 00:14:45'),(17,-3,'SALE',1,5,'4dcb0a8831e7a2c332fcd75e7db4d945afbdd0fb40c97c76e80f278a73b3f4ee','2025-09-11 05:58:45'),(18,-1,'SALE',1,15,'2dc1cddfc99ed1a158ed5809803a7d01a2a21a9a4026755fc54a8aba2bfb6ab8','2025-09-14 10:01:45'),(19,-6,'SALE',1,7,'e7d80ca1948a011d36357c6a684c33bb2394912ca2e20adfa24df679b21dba60','2025-09-26 12:56:45'),(20,-3,'SALE',1,12,'c32b7ea776b4613cf6a86ef89fff7228222f91892746cc779c20ea131991dc69','2025-09-30 09:02:45'),(21,-4,'SALE',1,12,'6c2be63b5cee605a86fef16c64e699cd4088a1ae8684d40beb46f0a7c64a0d35','2025-09-18 06:02:45'),(22,-6,'SALE',1,8,'c1a4609e2659d31cd4b4285ad19b0541598003555d655c98efe9af71bf6fdce2','2025-09-11 06:08:45'),(23,-8,'SALE',1,9,'e6a5ed74458e486d5ca286feec4ebfb5b02393e19fa9ee68c804847e0224cb14','2025-09-12 07:36:45'),(24,-2,'SALE',1,5,'6fda2c45c64750fbcc19b03342924ffd120ca552b8367824dbbd84072ae8990d','2025-09-05 00:35:45'),(25,-1,'SALE',1,14,'74cf1147255420ea2de00ba2a34d67ccabadd4e34d7ef58b25ca4b1c3b108895','2025-09-23 00:18:45'),(26,-3,'SALE',1,2,'5b8163c8384cebf5cf27abd25777d3e7a8b5a13404fefb40bb77048198a9fcdd','2025-09-06 05:30:45'),(27,-1,'SALE',1,12,'1cf7dd7dee5502afeca03e1a4edb183fe5083d66664a9c8daee531b6e7b1d4ea','2025-09-02 13:45:45'),(28,-2,'SALE',1,1,'1fcfe83568249e95b4a781d2ec630cb8cf8ae9c36a9f72f5b698c78bfa349220','2025-09-17 07:21:45'),(29,-1,'SALE',1,9,'967b777c88babdca3b30cfac797d29ae5f8cff1c04ae3a23af41a72dbc71c6d2','2025-09-28 05:35:45'),(30,-2,'SALE',1,5,'a5f64e0c373bd9b23c2f689a76afacfab9812b92048ab9f6fa3e897c810d1062','2025-09-24 02:01:45'),(31,-3,'SALE',1,15,'ab1179514e6d0955284026c512c7d54d7b785370ddb0acc0834d6b3d34b8f727','2025-09-18 05:30:45'),(32,-2,'SALE',1,9,'450b342d8686c5e9caccbd54e57554e51a531627df8cdb2e4c3db394f1bdbf6e','2025-09-03 03:13:45'),(33,-8,'SALE',1,6,'eaa6e4cd8e6d3277094238cc31edc11642819f4733a5020ede492013aa46cb9c','2025-09-19 04:12:45'),(34,-2,'SALE',1,4,'18e07e9b84118edc984997dda605fb33fd9f547c4da02f08d8fbb23328f99be4','2025-09-27 12:03:45'),(35,-8,'SALE',1,9,'9911dc90de1d54dabfa498b74656aa805ea5eb1baf180610ed385138aadaf593','2025-09-18 07:13:45'),(36,-2,'SALE',1,3,'e944bad5a472e0a5744bae19df42f48712dd263fac6f1143ef2687a9ab6c2a5f','2025-09-30 12:08:45'),(37,-7,'SALE',1,8,'b9443f6b054dc675043e69bc444cd5749af593d3ea19168e515f1f38733f1edb','2025-09-21 04:40:45'),(38,-6,'SALE',1,9,'b550e83db082f7b59bc69bf012b0926dd5ba8825c48d90f4791caeac4419af8f','2025-09-30 03:58:45'),(39,-4,'SALE',1,12,'95bcc47ff6228668e61c8b5b3b433a3ef87eafd3f91ee192ad6b6cea6559b198','2025-09-13 05:01:45'),(40,-1,'SALE',1,1,'b82785dcc279fa46037785e5f025614cfc83bc4d00782e61d7b782342a83ac7f','2025-09-13 10:45:45'),(41,-1,'SALE',1,4,'ea7127a555699e8e2b72fbefe5f7348d13895cf9bd9ce30ad891a8b424acc3e8','2025-09-02 03:19:45'),(42,-8,'SALE',1,6,'834e0b96bf7a08b3af28adf433253f3d3738c739c7a7b701150e1531ab5630eb','2025-09-21 13:39:45'),(43,-2,'SALE',1,2,'3fa2c444bc5648fa1fcb7aaa00c7ff0dc033b30759837ec01fade168da5d0500','2025-09-14 07:58:45'),(44,-5,'SALE',1,8,'3996fdd39241a8bbae929dd34bf12c1188845c060161b3f036424e7c4c195dfd','2025-09-21 13:42:45'),(45,-2,'SALE',1,15,'576202209ea6fa7c03bf63434acb17d8acc2c0534b36109e731d93ee7d610686','2025-09-03 03:32:45'),(46,-2,'SALE',1,13,'4d9cfcccf3e8f2a8ea0bbc6658e36909407bc5a4a775323de316442b6fea2681','2025-09-22 09:28:45'),(47,-2,'SALE',1,7,'9b6ffc0d0934e42ad01616a437dffbcc3b8840a07a9eadfa89b5fb897b246aeb','2025-09-13 08:14:45'),(48,-4,'SALE',1,12,'5adce87270a13e849665b155e649f9589a1e1122cdfcd165379cf6340e3bbf30','2025-09-17 09:49:45'),(49,-6,'SALE',1,7,'4fd0edb3c6ac00c1649528ea83ed21a468b2aad274c5f0ae50c0130fdc8e8d41','2025-09-04 06:32:45'),(50,-1,'SALE',1,10,'87349ff34b10e525725b194236ab7a65a2a73aa4f35112456ef8dee8abbf851f','2025-09-10 07:27:45'),(51,-4,'SALE',1,10,'4fda4bbc2fb86897de6a492dc94a3b203cf8be1590dc81930324965c7fd97e97','2025-08-22 05:44:47'),(52,-7,'SALE',1,9,'41cc3fdc7dae89c1ac7962bfe27ecce29cd216e7faa0d672436a004e11eb7e76','2025-08-24 11:24:47'),(53,-3,'SALE',1,2,'eb2c2425ffa2b5fa2857b49131e7056d98712298bec13526ca558781eadb9aab','2025-08-07 06:42:47'),(54,-5,'SALE',1,8,'bf9434f262dfe760968e0bd74063d7baef9d43a021d11cc42e376afed0aa4dfc','2025-08-12 08:07:47'),(55,-1,'SALE',1,15,'02542090977ba9926c70cd2d51a08abd3cf46710de4ecee1ccab075039a089b7','2025-08-08 07:25:47'),(56,-3,'SALE',1,6,'0b4a0c4fee12b80a3551b4fdafb8af659dbf3fb3ca14d76a807e551e47afad2c','2025-08-05 11:22:47'),(57,-1,'SALE',1,5,'5a90f5563842cb25cf1df6a90dd65c4dbedd4297c1c0a5d9823786be01c832e3','2025-08-24 04:42:47'),(58,-1,'SALE',1,13,'d2a01cd4e5196da003c8661ecd2dfda8a89e42ca948ad11b68ef0bebcb579f06','2025-08-27 06:51:47'),(59,-2,'SALE',1,2,'b98aaa5ba9cfdb61d653628987cbc03c126228bfc5ebf6a3ff40526d2c353f65','2025-08-18 01:01:47'),(60,-1,'SALE',1,12,'2b46b9808ba620a1d0138c19d5c0ed320a74bb274a892d0961f7cfd87c1761d7','2025-08-28 00:50:47'),(61,-2,'SALE',1,11,'d4ed1e6ace5f96a8c8e7911180932b14fce878fcc3548b7b419b93be32dc7f06','2025-08-18 06:53:47'),(62,-3,'SALE',1,5,'50364034f27773097b0c3f381ee48ed66abf66099c6df30b22f51baffa526936','2025-08-22 04:27:47'),(63,-2,'SALE',1,8,'27ad15fb055812c9876e36c9d2c37278235fd484c7ecaaac9b9678c87c16d616','2025-08-25 09:48:47'),(64,-3,'SALE',1,14,'122754d9220a94193a49a4e55d589d7f570f7df5bbaf42bc42ce05643f2b0f7d','2025-08-10 07:31:47'),(65,-1,'SALE',1,12,'5292837f5a19706011438224aff2a7ec496c25dca979a381589edd9fa1049b73','2025-08-13 10:50:47'),(66,-3,'SALE',1,7,'eb64486cc4bd56178aa80e6a62bd7fa6d60f36e1d76c99771daf23dfc5a3c4d2','2025-08-14 02:01:47'),(67,-3,'SALE',1,13,'f7c7449d0fffa63606371d86251f130f9c0711b77be16e280dcb71fff9c99889','2025-08-18 11:37:47'),(68,-3,'SALE',1,14,'f53e34f62cf0b813f9b068bf5bc9c3161d37235eecc9e9937d8d1600709c84c6','2025-08-06 09:53:47'),(69,-2,'SALE',1,10,'b34c8b670d2acc6b6200b3c4c2fb4a42c0dccf4ca54a10b3b58a4f3659ea94eb','2025-08-27 03:43:47'),(70,-1,'SALE',1,4,'7759503a4a46f010a0aaecf6db561779c67ff045bfa7a05fc02e2bb4ae4475d3','2025-08-17 11:24:47'),(71,-3,'SALE',1,2,'eda17120183183e897e5335d24100f0ccd346b6bd32d9533d38fcf4af9389065','2025-08-29 02:32:47'),(72,-3,'SALE',1,15,'4f1d64e346ce53d7e78758674e3bd6d33053db8a80891b7ab0e2ce20980dce0d','2025-08-04 09:42:47'),(73,-2,'SALE',1,10,'12012a1423fe626940e09db7a9f53fcab692b2a8f6159177a15317a13e6c9687','2025-08-31 10:44:47'),(74,-3,'SALE',1,4,'b7ea3b03477c01b86f39e1260bd917f972d20ab79e8d0da1b87a76f43f823f47','2025-08-21 12:21:47'),(75,-1,'SALE',1,5,'99e0d15bc5ac44a6b2101cb3bc7ca1a000968931933dd87b72a186c72aad1fe5','2025-08-21 09:26:47'),(76,-4,'SALE',1,6,'22fb70f48173bf6ad1185f0d4fc2f18cbe2f4b881d31b3269673e651aae6286d','2025-08-25 11:26:49'),(77,-1,'SALE',1,2,'0142d43a5af3a7679efec7589f0b5fc749e5546972e742bcfff958b965d8f8cc','2025-08-25 09:46:49'),(78,-3,'SALE',1,12,'bbcf7a5981c5363256f0dd9d803600bffd81f652551a684311fb141a87113272','2025-08-17 00:31:49'),(79,-1,'SALE',1,11,'05d81b96b1b1f28576ea6f90ce733dc07611cf0f9a7332302cce7f9785ba42f5','2025-08-16 03:28:49'),(80,-1,'SALE',1,5,'9bac4c199d154a37f0c8766f262420a48685f9edaf9f9c639b1a5eb5f704069a','2025-08-16 01:57:49'),(81,-2,'SALE',1,13,'4798676cbb3f217ffd3fbd3069e993a6a9fafa88a177bd88792a1925649b4810','2025-09-01 02:50:49'),(82,-3,'SALE',1,5,'6480991f84c2ab79d56c78ca0af18d584cb073b1d9158a5caf30499b656cb097','2025-08-17 07:02:49'),(83,-4,'SALE',1,14,'b7c0841bc6aeac95e45d410e0aabe5f183f712434984e13d715aaf0ab806182f','2025-08-14 00:24:49'),(84,-3,'SALE',1,13,'7f1e3895952443b343eaa928d159889129031f0568b1251a60cafd61803b688f','2025-08-29 12:11:49'),(85,-2,'SALE',1,8,'dc0acd8fc35a1d35bcb5449a3242799a3ee1704352cdbeffb0e8fcb8670e35cd','2025-08-09 03:52:49'),(86,-2,'SALE',1,5,'da46e244e7401a7d31215e426e2fabd9b792aa11bc1fe7dcc7d3762383853165','2025-08-20 11:44:49'),(87,-1,'SALE',1,12,'6fc5f6c020ae828a97859ea93ccfbc028d9d3f6e2134fd022fe29532badfa744','2025-08-23 05:14:49'),(88,-2,'SALE',1,1,'9c94081c93cf58c2520459f2fe0995d8baf6623ca4efcfac1f9ba1a0926a6286','2025-08-18 11:47:49'),(89,-2,'SALE',1,10,'4ac0dbc4b8ff3d3bea6d51ae6b6977760dd9dcdfd76467317366b0cf930eeadb','2025-08-29 01:19:49'),(90,-3,'SALE',1,12,'4db8913e66531edf60bf9d314bc7de26d0248b2d5130c2bc1211002a4022e738','2025-08-24 04:48:49'),(91,-1,'SALE',1,4,'9d0e36f5a5f794548c0b30075aebbd9220f520e52b97b25d4c062db8d52737e6','2025-08-28 00:38:49'),(92,-5,'SALE',1,7,'2e00f725de737426eee817aa4f625c7bf3d08645922ad404562137b53d4260f7','2025-08-28 00:46:49'),(93,-8,'SALE',1,10,'4f5289bc16030190adb44cf390d70ee3c5b51aa3eff7a7ae4ce409a35c9507ba','2025-08-27 01:52:49'),(94,-2,'SALE',1,13,'ef1550749fdd2bda53163739c071e6aea73828f4b7cbb46cd0b38f724aa3e604','2025-08-08 02:21:49'),(95,-1,'SALE',1,2,'4448f9f448859115412a085ba9e389fb7ba5505e1e76abd7c01c4b31e833cb26','2025-08-12 08:56:49'),(96,-2,'SALE',1,15,'d64da861cb7a6015f2d335c6c73a9e007845c1d9972ecf560081d26650876ba3','2025-08-10 06:09:49'),(97,-1,'SALE',1,1,'54e23d34895959a9b85fc3e472538e53d2276ca676842aee1c933961f3c594af','2025-08-31 02:46:49'),(98,-7,'SALE',1,7,'e296f3e1f6f1e418f2249c860d14f5e46d9aa963bc0a86aea88a8ac3c176301d','2025-08-15 04:57:49'),(99,-3,'SALE',1,8,'1c9606f17b6a44ff18289306c5901e5864f47c7b3364c24654b28e0a216459ca','2025-08-28 10:22:49'),(100,-2,'SALE',1,13,'a334f6108265aae270a5e1d6e85e5fd9c157c74bca24f2b84ea6598564769dc0','2025-08-04 11:23:49'),(101,-2,'SALE',1,7,'c24e5173d440675a405c1533f49bdb2e07bfdd0cfd2ba2d8b380dec061921425','2025-08-22 02:46:50'),(102,-4,'SALE',1,11,'83f91c438a9bc108bb013008fcc653bef8922e289ddd7d11868eff6c06f74fb7','2025-08-15 00:28:50'),(103,-3,'SALE',1,12,'300ca4913d6c2c38a01b9b59b16a45846202b851385428e1e9c8e270dab145b9','2025-08-12 09:25:50'),(104,-3,'SALE',1,7,'ca8d4e347ab96d4b5f6117dd5170ea3796cc5d527c93a1dcbf6e96a91d9f82d0','2025-07-28 02:13:50'),(105,-5,'SALE',1,10,'58f0bd69558e784b87206e1e752387ba6c27094e2106fa8f2278221413e90adf','2025-07-29 12:03:50'),(106,-3,'SALE',1,15,'3c7306d1350d6eb6fa1669bd4bd4467d039dff354785527e6ade59da75fac769','2025-07-15 01:41:50'),(107,-1,'SALE',1,14,'1c5a8096904f601fc2e2eac7435d706118c973a2ee8e80d14965778dab700295','2025-07-12 02:47:50'),(108,-4,'SALE',1,9,'7394f9d68972c6b345bab6e945525a0bc38243a1dd94cbdd4a9834817fbe5ba8','2025-07-29 06:45:50'),(109,-3,'SALE',1,13,'9ae6deb66c1af60ef78c6922f00e855a226bb038cd4373e582c5d89604c59abe','2025-07-05 01:41:50'),(110,-1,'SALE',1,11,'d50af5ba1a2e987f88078ce44d57cc22db982d05688d675e5611ed4a4ede64f8','2025-08-02 10:52:50'),(111,-2,'SALE',1,11,'33ffcfa9d9ba5cc0c8edf56f33bb07a0bf6df56de723094633150ce303806249','2025-07-29 03:56:50'),(112,-3,'SALE',1,11,'92676831fbd5e27b9e75849b1afd95f80b2f9f31402b6fda7a6fe830dec76baa','2025-07-12 04:25:50'),(113,-3,'SALE',1,5,'cd44b463f95f17eedf3ad1c2a86fa968bacbda22b3f068408d77aabe6b44a74a','2025-07-12 00:55:50'),(114,-3,'SALE',1,14,'f9fd389f93013c3797d8993536869422b1e3a2c08f5f9ecebaa6ad94c0c47828','2025-07-18 00:38:50'),(115,-1,'SALE',1,4,'1888719276b351db5c7bcdfc3fcc1f05f79cfb00f2fbe98234658a17bbf0ed95','2025-07-29 09:04:50'),(116,-3,'SALE',1,3,'b662b5f19ab144da3832d09c121d320ad28a7b2dd1b4987ae73e002edd1bf0d8','2025-07-27 12:40:50'),(117,-4,'SALE',1,7,'a6481c22a0774ee279886614bd8b05570a801d3e3e910c86b16adb90934ca878','2025-07-22 08:53:50'),(118,-4,'SALE',1,12,'f83a47ef9da4b0003dce5057b0eb120bad049bb385e63b7392f5d94bc012e166','2025-07-18 11:37:50'),(119,-4,'SALE',1,11,'0d99b44809e9867a06cd0b7ec214d7591329c265538fb7954bc385a4284c9ed8','2025-07-07 10:11:50'),(120,-4,'SALE',1,14,'044147d868b0988b9880e1e63652b79e46c852f615ef9502c495e0eea0fe7f50','2025-07-23 02:50:50'),(121,-2,'SALE',1,15,'24800178e879f27d3061681e879a907f60b81ed09578bbee54db1e4d3fcf7717','2025-07-22 00:14:50'),(122,-8,'SALE',1,6,'de3fef9b64c9ffb6860512c590157498bba31278bc3be2f3ac2f686e27b95cd3','2025-07-05 13:10:50'),(123,-1,'SALE',1,15,'c773b8c7f8e9f5d5ba58078d0302e6faf6fe32e2f85c8b36f5fe989e72349fce','2025-07-17 01:50:50'),(124,-4,'SALE',1,14,'05ad381ed617ad40f163504dff9df2477c01206b3fd44b2556dbf30fc431f985','2025-07-08 03:39:50'),(125,-3,'SALE',1,12,'b7e611d355cdb1cee5e77eb524929973a331a9e301c51a4dfcdf3a97a19dd66b','2025-07-17 09:35:50'),(126,-1,'SALE',1,4,'6f1b7f26caa6859db582ec58093e4e7b232b7391ccf5ddbd83e2cfd3ffeea0c5','2025-07-21 02:33:50'),(127,-4,'SALE',1,13,'32d301a451b5623a2a5bcbce98e590811460928b7c0dd3d6fd7f779d245aa3cd','2025-07-24 10:42:50'),(128,-1,'SALE',1,4,'d893fdbdc60b08a3adadd8eff79aa3aef015f6eecf35596e5eee91bf2fa1ac6e','2025-07-27 12:58:50'),(129,-1,'SALE',1,12,'0289d8a232e71663443f12a07ca630c79fa5d57887f2d23f6f85f3817d7ad70b','2025-07-24 13:40:50'),(130,-2,'SALE',1,12,'e6898ef0f3b69ee2f9b1706462133306b5553041ee0584439400a95a5714688f','2025-07-21 10:26:50'),(131,-4,'SALE',1,15,'62175cd313f0a5eabb33dee10765f59b81c1287bff8a878c079e173d9085569d','2025-07-05 00:15:50'),(132,-3,'SALE',1,15,'96ca311e78bd0a8f200821883226369872582d1d6758d8ef62225cab3aca979b','2025-07-13 06:09:50'),(133,-1,'SALE',1,12,'b915e37f8458d0ac394fd9019d4caaf69b72a7f38c9498e54a2a95b16c65f809','2025-07-31 00:44:50'),(134,-7,'SALE',1,7,'92bb766f108f4070533e7edb4594ceac283702816fa42fab8948113b7b2fe583','2025-07-17 02:25:50'),(135,-1,'SALE',1,4,'a163067008cbd1631056fe0c6f1ebfe82dffa37dab291570778686690a5036bf','2025-07-20 04:23:50'),(136,-1,'SALE',1,5,'d3c86aa3dc351131e8bb6ecbce40832bcc1cbfca5f79c66986f0975ebab1c63e','2025-07-17 02:03:50'),(137,-2,'SALE',1,3,'03277ebd2ed6dcb649bc7484dbc7167767817615d3a87498c09861421511d7ea','2025-07-22 08:05:50'),(138,-4,'SALE',1,15,'d335a8fe6ff4a88de033da2bbd3527843d70ca124ac12dbdbc4a2f6fbcbb8aa3','2025-07-14 09:34:50'),(139,-3,'SALE',1,4,'a3ad3b336f2d38c96447dcdae66513acd28a38a2aea0b5835122ce858a505f25','2025-07-11 04:13:50'),(140,-4,'SALE',1,11,'ae1329dd0eac588abedb13f71d096a933e0489e5bb0c202e23d1677b34e420ce','2025-07-21 01:11:50'),(141,-1,'SALE',1,5,'8e59209a167d3e36157c28afe1b5dcd3fb925894e3d5a5cf05cb2c723ba85994','2025-07-07 03:32:50'),(142,-4,'SALE',1,15,'0c0e71a2840233093764a537fbcc591afb1c7129ee30376b0a16e66ff9182a58','2025-07-21 07:32:50'),(143,-4,'SALE',1,11,'d9384db5856c2c9f9018debedef8bb4678e23a40289d7f285bbeae318c1d37e7','2025-07-26 04:03:50'),(144,-2,'SALE',1,5,'b1578b8ce424d6582a72a4d0a6c1db781920b545631edc57f95c7c94207c1304','2025-07-19 12:08:50'),(145,-2,'SALE',1,7,'1bdb1708a92edcc31184f4207c358767cfba348cb8740029d03e098df5b7e18a','2025-07-25 11:07:50'),(146,-3,'SALE',1,5,'10db8f0d88db4dfbe07857c6ff6d464d08fbe06ca45eff0c7741ead497c36402','2025-07-28 02:18:50'),(147,-1,'SALE',1,15,'6ee3b39893b0624a0afed9cf3f4ecb7ca98080031733c8373486e77927d88e9a','2025-07-19 12:56:50'),(148,-2,'SALE',1,14,'eb30e0ee97e44786345e7c60dfd5042fc011e650ca94d5d05304a8c247cdc503','2025-07-18 03:34:50'),(149,-3,'SALE',1,2,'b8e5b1531ccdf2b742fe674f832553d84bd7031bf93ec5b1ba5707312f9d5d49','2025-07-20 01:14:50'),(150,-2,'SALE',1,15,'a21a4077c598e7f2cc6199e260d63eb7b144465a2c62e2d13375524084e12830','2025-08-02 12:17:50'),(151,-3,'SALE',1,12,'28097527e3233d7ef2b145f87c5fc02ed902cc21d41228232431f99034b9be5b','2025-07-11 09:11:51'),(152,-8,'SALE',1,8,'7618cc7bec12a18d8258b4a9cec015e64154a377ec8baf3f3ccef436fc179bda','2025-07-20 03:53:51'),(153,-5,'SALE',1,6,'9ef8da6552cb1197176c0cddc816cad2d05f896b2eb698ebc5a4a2b41889148c','2025-07-08 06:50:51'),(154,-1,'SALE',1,2,'9cca09695a9a355b3112e7655b8c2cb4814ab925aff3b0d3de57acb89393a28b','2025-08-01 09:10:51'),(155,-2,'SALE',1,13,'6f73b1a059845965a9054729e77a24ba030ebef58b239119b220c05c5881a581','2025-07-23 10:39:51'),(156,-4,'SALE',1,14,'39ce62ed70fee17102d1a9b64cca9b1c93ab1b91bbc8b222765c2d6b041bc703','2025-07-13 01:32:51'),(157,-2,'SALE',1,11,'42b292891f2410f88b364c0a1f176b4d060c532dfc9b79d689091cf11181ae8f','2025-07-12 04:35:51'),(158,-1,'SALE',1,11,'1dfef6fca373412c659dbe8e57212d6f1eed9bf7f1fa9308c327719f3a94f589','2025-08-01 00:09:51'),(159,-1,'SALE',1,5,'88523d82326b62ce840e82ba03b68e74d4cc6b1ca4e2de337e3175a8d04e4d34','2025-07-20 13:34:51'),(160,-1,'SALE',1,11,'56740511be49d0fbb59e758a03be902a232f4cbabd041074d6c12b141a8301b8','2025-07-31 04:24:51'),(161,-2,'SALE',1,15,'ec53ba7c1b13310797f3519ce9ed1f4fd670025e52ad36fbf2b429455cf3e8c5','2025-07-26 00:26:51'),(162,-4,'SALE',1,7,'33daa0dfb44aff501439cbf3125674f3660c03e9e928f7e75a54c25c9061491a','2025-06-28 06:57:51'),(163,-2,'SALE',1,15,'10e6da67c4eee958c9b9e855dfdb3ac0ac6b41e83e7aebdd52de7634266e96f3','2025-06-07 06:35:51'),(164,-3,'SALE',1,12,'bbe001a5613cb45313a3c0deca1457f29268181ddde5d6f99a43eff89d2640fa','2025-06-13 10:47:51'),(165,-3,'SALE',1,10,'fa899d19c8d0ab6ab82b89038da430d9a3baf19b6e7f1c6ab86985baeb408a0f','2025-06-16 00:31:51'),(166,-1,'SALE',1,2,'28dfb24a787e5f28ab987a4caadba0f862d1636a9e90d0f0b833a004d151cbb4','2025-06-12 04:34:51'),(167,-6,'SALE',1,8,'1ad1e2d2b8ee3eafa9dcfe79172c9a08d14b8613039a68e7ee8e1068aaca91bb','2025-06-09 00:39:51'),(168,-4,'SALE',1,11,'40ab8b3c84d6bae43d83a1c3d210c99f1c93cef33efce2b4c562b8dfa390bd40','2025-06-28 03:50:51'),(169,-5,'SALE',1,6,'6be28662897e8bb14d8ec6476f6bb5a0406a8e44055ba4eb9239c70c72e508fa','2025-06-22 02:37:51'),(170,-4,'SALE',1,9,'cf9f3e9e6d36d528425503dfe8daf4063ab84bf42e37a266973bddc06733bd67','2025-06-15 11:28:51'),(171,-2,'SALE',1,3,'8a72879294152001500945e8149b748d7d8f828485795a0009af5f9eaa809944','2025-06-27 05:10:51'),(172,-3,'SALE',1,5,'fd1e67fbb0e99d2dfb605ec1ed118d4f17e6e315f40a5a3bbca4760efd4f5afc','2025-06-07 09:51:51'),(173,-4,'SALE',1,9,'87a8ed1da2771d48e32802dcf66a4006ce683c02c444ff1eac72f17daf061e17','2025-06-29 05:38:51'),(174,-4,'SALE',1,15,'ca023f8c63c02c11b9010236c1d0f054adaef5a18c236528acc9b93f6dc9f504','2025-07-03 09:28:51'),(175,-2,'SALE',1,1,'e03cffc9e548aafb34a0685d455bfca196ee2e2a64d839ff8400fe6b4594ba82','2025-06-25 00:10:51'),(176,-3,'SALE',1,1,'f011bb40523d962ba33facffbe7eb7f94fb894bd33e80e36dffc853e2d539f35','2025-06-26 10:50:51'),(177,-1,'SALE',1,5,'8dd96ae09b62ba8b7f06dee8a1640e5ba671a88aee778f9a3aabf78a602bb260','2025-06-15 11:12:51'),(178,-2,'SALE',1,3,'4cf1bee9300135e60a77aec3f22bd952b9489d7f045930ad0ae81022f6ac7e2e','2025-06-14 06:17:51'),(179,-2,'SALE',1,4,'12efd6f8476c4552c0ca369d29c130d826866d886e26289cd197225ec956e5ca','2025-06-16 03:34:51'),(180,-3,'SALE',1,3,'3c9d391779db78bca148dd7a428edb7adf9f793a80e952d62ea257f401444749','2025-06-28 04:53:51'),(181,-2,'SALE',1,4,'c8e3ab4591b037a2346c268dbe58440d978ddb1812dfaf23e1992656fe41f85f','2025-06-11 08:41:51'),(182,-4,'SALE',1,9,'3a3f63a1437ebb86c2374181b77058d2969fddc4665431dbfa8308f9f656a875','2025-06-28 06:55:51'),(183,-1,'SALE',1,3,'41626d7d99b665d7bbda47cf8c0f441584d4200f721a5da6d0b565b69b232235','2025-06-18 12:59:51'),(184,-6,'SALE',1,7,'a4703b33dda23ebe12ead3f8234e3a6f3f807b11c24271616cc4ac53e7c1632a','2025-07-02 05:56:51'),(185,-3,'SALE',1,11,'b95bc9e00427f698fba50483acfd9943a8f7c6feeef5a1b65f57c9319c4589b2','2025-06-16 04:52:51'),(186,-6,'SALE',1,6,'e431b7db358e8f5a464c4fd13654015a10fa34a9db627e7d103a02c8d4b71a12','2025-06-23 09:23:51'),(187,-4,'SALE',1,13,'82dad58bf2b09c5ec20d4829f747a690dd5b457009d21f37a8794a9687e61efd','2025-06-17 05:10:51'),(188,-3,'SALE',1,4,'cb20be1862d60b8daf635cdce254bbdc1f46fcb291470a3b5cd2c3b43e6401b8','2025-06-19 05:28:51'),(189,-1,'SALE',1,11,'e5d0aedaa0667089ca88ae33ce7a60df9d29b7196b1b199fd92287906b7081dc','2025-06-16 08:11:51'),(190,-5,'SALE',1,6,'fe1a5e6346b8aea31d623040605d5c7a644148728badc5a3140ffc1dfe61988f','2025-06-17 01:45:51'),(191,-5,'SALE',1,6,'2b8ea1c1933603595051ffc8a5ad007b98a6a11e1be36a24fa344ace66522206','2025-06-28 05:23:51'),(192,-6,'SALE',1,6,'0e399a1fdcf8b6a08f3195e013355eff707d9705c6b333db4c2e8d031fd379ba','2025-06-23 09:17:51'),(193,-3,'SALE',1,15,'a25bca8f27f777e053d2b5c4f7231220d44cc266497f0402468759397772339d','2025-06-04 05:53:51'),(194,-2,'SALE',1,5,'fa4c2f332535af67ac0405264cfa3dc2391007e431dbff93896ddda04178b072','2025-06-29 10:23:51'),(195,-1,'SALE',1,4,'640d9a114232ca13749ee6b33a4e551981679d901a731780f35c4ebbec6e7349','2025-06-13 01:31:51'),(196,-2,'SALE',1,3,'0ebaf43d742031c473faa4b74a7b3fdd3e4e50cde2e46a4c5e3ab89843491961','2025-06-09 07:24:51'),(197,-1,'SALE',1,6,'f50894b006bf7dabc51038147c55f957e39c6ebbd4af560c1be18be27fbd8832','2025-07-02 13:35:51'),(198,-6,'SALE',1,8,'5d6e67d6672c97b88a5ae818090a601599601b1e91b8bbac65537afa7fa4491d','2025-06-22 13:36:51'),(199,-2,'SALE',1,12,'8968e017b40b4f242998f235d74a4800631eae74177b46d3cfed7c9730cfe332','2025-06-13 07:32:51'),(200,-1,'SALE',1,15,'aae31a2458af68ca061fdd4ad938bfbeea6be8c93a9a6de200bd8df2eadaf677','2025-06-08 11:42:51'),(201,-2,'SALE',1,14,'9e09596dec2903a1a8f289f0189d86c2922f24cb75c3278118a0e433242a01d3','2025-06-25 07:45:52'),(202,-4,'SALE',1,12,'2acdd063d2fd28f62352c3b8ca343cb7e73d9aa0263a9a5a61b6955642eeda7d','2025-07-02 13:40:52'),(203,-5,'SALE',1,6,'28d8c50bf68bba9fd5729ac5396fe15def6b4ea3627a94b1263388099cb2b424','2025-06-15 04:43:52'),(204,-3,'SALE',1,5,'3c8e647beccc12a11f41713d8bd2f01514c77036c66f4f0ac6f5e180e0edaf13','2025-07-02 01:27:52'),(205,-4,'SALE',1,11,'44e0b952d39c0677241883d401a450459513cba6a0230386e815bc8cd266a090','2025-06-21 10:34:52'),(206,-4,'SALE',1,9,'94aa054c2c52b255d476eb72449b63b4e07912d8b7cc43c9c1dbb70bce968629','2025-06-08 13:12:52'),(207,-2,'SALE',1,7,'cee93504b8add97451ea294f5778fc4c602b131e1385e487b99e0dc940ba2a57','2025-06-08 08:28:52'),(208,-3,'SALE',1,4,'82e30e5b7e355bc98b984bf8dbe50b54a52fa5f6e8c4551bc0f69a70969093a5','2025-06-11 08:44:52'),(209,-2,'SALE',1,3,'c045b90ab8950f60fb7e3f75f429ddadea81a4411773739be5824a59b3a6501d','2025-06-05 02:11:52'),(210,-3,'SALE',1,11,'9d16ae434cc73ebc11a4b6c6d8a072cfb5f4866e0e46efaf7186a224f04c8d7e','2025-06-27 00:37:52'),(211,-7,'SALE',1,10,'11b2ca8af457b4f56d9a9c0e90d8810d334255e39f7752b2d0dc4f7c6d0e700b','2025-06-16 06:33:52'),(212,-3,'SALE',1,11,'852411a0796d887dc1b86846fc65dea6a2231fbad439995bae8d082fcc0a101c','2025-06-29 03:48:52'),(213,-3,'SALE',1,5,'1adbff5659e365dd099e71fc57eed0c30838a9b66bcb2de48f1b48e0fb4e9461','2025-06-29 05:36:52'),(214,-3,'SALE',1,13,'69d9aa086621c88bb622ba446352d54749705c6dd9b7c1f948dd27a38d94460d','2025-06-22 02:42:52'),(215,-1,'SALE',1,2,'d152ee5fac044edaea9d38057c39543f8ce20db8f34688c3cf0e80853fa23014','2025-06-04 03:13:52'),(216,-2,'SALE',1,3,'11f29c07679a0e5e9da606db8923328de8c4f22606189d89a9db37cc4201f738','2025-06-25 03:30:52'),(217,-7,'SALE',1,6,'58c0dc5fc90cf8430c433a0ce2a380b05d5f0cd920f4484aa06338f19e6ea3fb','2025-07-02 10:37:52'),(218,-1,'SALE',1,8,'21a8edfaaaca2f896e3d33952c41720d1d51b2d57ab853a6c520aa791fd328dd','2025-06-18 08:24:52'),(219,-4,'SALE',1,10,'ac1390b667f9a8b60695ee89cae5b5423bdb526cca47d2d93af7507f1a45c990','2025-06-28 09:53:52'),(220,-5,'SALE',1,6,'3bece29581bfef53d7283a3209dd64954a3d228ec92ea1eda4139b940f60ea68','2025-06-23 01:30:52'),(221,-7,'SALE',1,7,'91e5a3a0cd8bd337f4bf3dc28f5df197bf567ba850bf599e0b2c40161a5631e1','2025-06-08 11:42:52'),(222,-4,'SALE',1,14,'460e52c21eaf1a5ba22ff3d022c2c6adec436ce63194426075267412d63909b2','2025-06-16 08:12:52'),(223,-6,'SALE',1,9,'97f7a8eeb79cf242f5b10f658665a11439293502cdd878b57401be1877d1cf17','2025-06-21 12:12:52'),(224,-3,'SALE',1,15,'d9f447f340c2805832d62a05c561e34e8cbc6d8f7368e46b60f0aa863ef0d05b','2025-06-07 06:32:52'),(225,-7,'SALE',1,6,'4af6661d2030d0aaee080585943462d90ac15c7777a303c112364af6f1cfdd6b','2025-06-15 09:26:52'),(226,-5,'SALE',1,6,'898dd2fbc2a397f42871aa42cb493ca74a94c4085e6ac2d74cf39a7effccbf8a','2025-06-09 02:32:52'),(227,-4,'SALE',1,8,'0d44039956abda69a395b1a81647ccc45e384a35eedbe0be92b7aa2468852e88','2025-06-18 03:54:52'),(228,-1,'SALE',1,12,'53b7380743248a70cf304987a685672f0e2a7c06d7f3318517f3101f85092d6f','2025-06-15 11:20:52'),(229,-4,'SALE',1,15,'610f3a8482aba2e333727120d538c7c5fdd666f9d642524c76a73aebf8a8e173','2025-06-26 13:59:52'),(230,-1,'SALE',1,7,'853baea84bce51438983f652f9becc454865911d154e617e55e394e569160d03','2025-06-18 07:03:52'),(231,-3,'SALE',1,3,'d3ad7ea51567da4fef234abec3af605a796bf6a7da29e895f15bb71600099cb5','2025-06-24 01:46:52'),(232,-2,'SALE',1,1,'8cfe2d2a6821a37cda8f44542a9442d4cb506a8d32542a7566f06a348a1046dc','2025-10-01 00:29:11'),(234,-2,'SALE',1,1,'a30a0c7af20c4d67735e445fc9fc570fe7c37723c657cc6fc168685ab6121720','2025-10-01 00:32:42'),(235,-2,'SALE',1,1,'0c995a3f240473c55ceccc9b9b117248b817caebc8e30c6b6af2366710a019f7','2025-10-01 00:34:04'),(236,-2,'SALE',1,1,'30b49d4b136a515008cf6c7eed4769d05c9f9f43412bfdf804dadfb0e44a4c21','2025-10-01 01:39:05'),(237,-2,'SALE',1,1,'619cccbcca76f5f8a5e82437b69c23d05b978983640560fb3d2ca294ca7f30c1','2025-10-01 01:41:32'),(238,-2,'SALE',1,1,'a7e5ec3871c3c204d28f790716c2918916bfe3d1171486ccd8bf2b03fc74536c','2025-10-01 01:42:23'),(239,-2,'SALE',1,1,'c96c3f799bcd2d0230d36b7f54659b748bbb65b877fc85f79da574c9af501afb','2025-10-01 01:59:27');
/*!40000 ALTER TABLE `InventoryLogs` ENABLE KEYS */;
UNLOCK TABLES;

--
-- Table structure for table `LegalEntityTypes`
--

DROP TABLE IF EXISTS `LegalEntityTypes`;
/*!40101 SET @saved_cs_client     = @@character_set_client */;
/*!50503 SET character_set_client = utf8mb4 */;
CREATE TABLE `LegalEntityTypes` (
  `EntityTypeId` int NOT NULL AUTO_INCREMENT,
  `name` varchar(30) DEFAULT NULL,
  PRIMARY KEY (`EntityTypeId`)
) ENGINE=InnoDB AUTO_INCREMENT=13 DEFAULT CHARSET=utf8mb4 COLLATE=utf8mb4_0900_ai_ci;
/*!40101 SET character_set_client = @saved_cs_client */;

--
-- Dumping data for table `LegalEntityTypes`
--

LOCK TABLES `LegalEntityTypes` WRITE;
/*!40000 ALTER TABLE `LegalEntityTypes` DISABLE KEYS */;
INSERT INTO `LegalEntityTypes` VALUES (1,'S.A.'),(2,'S.R.L.'),(3,'S.C.'),(4,'S.C.S.'),(5,'S.C.A.'),(6,'E.I.R.L.'),(7,'A.C.'),(8,'C.A.'),(9,'L.P.'),(10,'LLC'),(11,'Inc.'),(12,'E.I.');
/*!40000 ALTER TABLE `LegalEntityTypes` ENABLE KEYS */;
UNLOCK TABLES;

--
-- Table structure for table `LogLevels`
--

DROP TABLE IF EXISTS `LogLevels`;
/*!40101 SET @saved_cs_client     = @@character_set_client */;
/*!50503 SET character_set_client = utf8mb4 */;
CREATE TABLE `LogLevels` (
  `logLevelId` int NOT NULL AUTO_INCREMENT,
  `name` varchar(45) DEFAULT NULL,
  PRIMARY KEY (`logLevelId`)
) ENGINE=InnoDB AUTO_INCREMENT=5 DEFAULT CHARSET=utf8mb4 COLLATE=utf8mb4_0900_ai_ci;
/*!40101 SET character_set_client = @saved_cs_client */;

--
-- Dumping data for table `LogLevels`
--

LOCK TABLES `LogLevels` WRITE;
/*!40000 ALTER TABLE `LogLevels` DISABLE KEYS */;
INSERT INTO `LogLevels` VALUES (1,'Info'),(2,'Warning'),(3,'Error'),(4,'Critical');
/*!40000 ALTER TABLE `LogLevels` ENABLE KEYS */;
UNLOCK TABLES;

--
-- Table structure for table `LogSources`
--

DROP TABLE IF EXISTS `LogSources`;
/*!40101 SET @saved_cs_client     = @@character_set_client */;
/*!50503 SET character_set_client = utf8mb4 */;
CREATE TABLE `LogSources` (
  `logSourceId` int NOT NULL AUTO_INCREMENT,
  `name` varchar(45) DEFAULT NULL,
  PRIMARY KEY (`logSourceId`)
) ENGINE=InnoDB AUTO_INCREMENT=4 DEFAULT CHARSET=utf8mb4 COLLATE=utf8mb4_0900_ai_ci;
/*!40101 SET character_set_client = @saved_cs_client */;

--
-- Dumping data for table `LogSources`
--

LOCK TABLES `LogSources` WRITE;
/*!40000 ALTER TABLE `LogSources` DISABLE KEYS */;
INSERT INTO `LogSources` VALUES (1,'Procedimiento'),(2,'Aplicaci√≥n'),(3,'Sistema');
/*!40000 ALTER TABLE `LogSources` ENABLE KEYS */;
UNLOCK TABLES;

--
-- Table structure for table `Markets`
--

DROP TABLE IF EXISTS `Markets`;
/*!40101 SET @saved_cs_client     = @@character_set_client */;
/*!50503 SET character_set_client = utf8mb4 */;
CREATE TABLE `Markets` (
  `marketId` int NOT NULL AUTO_INCREMENT,
  `name` varchar(45) NOT NULL,
  `status` enum('ACTIVE','UNDER_CONSTRUCTION','INACTIVE') NOT NULL DEFAULT 'ACTIVE',
  `spaceCount` int NOT NULL,
  `createdAt` datetime NOT NULL,
  `updatedAt` datetime DEFAULT NULL,
  `enabled` tinyint NOT NULL DEFAULT '1',
  `businessId` int NOT NULL,
  `buildingArea` int NOT NULL,
  PRIMARY KEY (`marketId`),
  UNIQUE KEY `inBuildingLocationId_UNIQUE` (`buildingArea`),
  KEY `fk_Markets_inBuildingLocation1_idx` (`buildingArea`),
  KEY `fk_Markets_Business1_idx` (`businessId`),
  CONSTRAINT `fk_Markets_Business1` FOREIGN KEY (`businessId`) REFERENCES `Business` (`businessId`),
  CONSTRAINT `fk_Markets_inBuildingLocation1` FOREIGN KEY (`buildingArea`) REFERENCES `BuildingArea` (`buildingArea`)
) ENGINE=InnoDB AUTO_INCREMENT=4 DEFAULT CHARSET=utf8mb4 COLLATE=utf8mb4_0900_ai_ci;
/*!40101 SET character_set_client = @saved_cs_client */;

--
-- Dumping data for table `Markets`
--

LOCK TABLES `Markets` WRITE;
/*!40000 ALTER TABLE `Markets` DISABLE KEYS */;
INSERT INTO `Markets` VALUES (1,'Mercado 88 SUC1','ACTIVE',10,'2023-11-08 08:45:00',NULL,1,1,18),(2,'Mercado 99 SUC1','ACTIVE',8,'2023-09-08 08:45:00',NULL,1,10,17),(3,'GastroPark 12','ACTIVE',12,'2021-09-08 08:45:00',NULL,1,2,2);
/*!40000 ALTER TABLE `Markets` ENABLE KEYS */;
UNLOCK TABLES;

--
-- Table structure for table `Modules`
--

DROP TABLE IF EXISTS `Modules`;
/*!40101 SET @saved_cs_client     = @@character_set_client */;
/*!50503 SET character_set_client = utf8mb4 */;
CREATE TABLE `Modules` (
  `moduleId` int NOT NULL AUTO_INCREMENT,
  `moduleName` varchar(45) DEFAULT NULL,
  PRIMARY KEY (`moduleId`)
) ENGINE=InnoDB AUTO_INCREMENT=4 DEFAULT CHARSET=utf8mb4 COLLATE=utf8mb4_0900_ai_ci;
/*!40101 SET character_set_client = @saved_cs_client */;

--
-- Dumping data for table `Modules`
--

LOCK TABLES `Modules` WRITE;
/*!40000 ALTER TABLE `Modules` DISABLE KEYS */;
INSERT INTO `Modules` VALUES (1,'Sistema'),(2,'Ventas'),(3,'Inventario');
/*!40000 ALTER TABLE `Modules` ENABLE KEYS */;
UNLOCK TABLES;

--
-- Table structure for table `OperationalExpenseTypes`
--

DROP TABLE IF EXISTS `OperationalExpenseTypes`;
/*!40101 SET @saved_cs_client     = @@character_set_client */;
/*!50503 SET character_set_client = utf8mb4 */;
CREATE TABLE `OperationalExpenseTypes` (
  `operationalExpenseTypeId` int NOT NULL AUTO_INCREMENT,
  `name` varchar(30) DEFAULT NULL,
  PRIMARY KEY (`operationalExpenseTypeId`)
) ENGINE=InnoDB DEFAULT CHARSET=utf8mb4 COLLATE=utf8mb4_0900_ai_ci;
/*!40101 SET character_set_client = @saved_cs_client */;

--
-- Dumping data for table `OperationalExpenseTypes`
--

LOCK TABLES `OperationalExpenseTypes` WRITE;
/*!40000 ALTER TABLE `OperationalExpenseTypes` DISABLE KEYS */;
/*!40000 ALTER TABLE `OperationalExpenseTypes` ENABLE KEYS */;
UNLOCK TABLES;

--
-- Table structure for table `OperationalExpenses`
--

DROP TABLE IF EXISTS `OperationalExpenses`;
/*!40101 SET @saved_cs_client     = @@character_set_client */;
/*!50503 SET character_set_client = utf8mb4 */;
CREATE TABLE `OperationalExpenses` (
  `operationalExpenseId` int NOT NULL AUTO_INCREMENT,
  `operationalExpenseTypeId` int NOT NULL,
  `transactionId` int NOT NULL,
  `checksum` varchar(64) DEFAULT NULL,
  PRIMARY KEY (`operationalExpenseId`),
  KEY `fk_OperationalExpenses_OperationalExpenseTypes1_idx` (`operationalExpenseTypeId`),
  KEY `fk_OperationalExpenses_Transactions1_idx` (`transactionId`),
  CONSTRAINT `fk_OperationalExpenses_OperationalExpenseTypes1` FOREIGN KEY (`operationalExpenseTypeId`) REFERENCES `OperationalExpenseTypes` (`operationalExpenseTypeId`),
  CONSTRAINT `fk_OperationalExpenses_Transactions1` FOREIGN KEY (`transactionId`) REFERENCES `Transactions` (`TransactionId`)
) ENGINE=InnoDB DEFAULT CHARSET=utf8mb4 COLLATE=utf8mb4_0900_ai_ci;
/*!40101 SET character_set_client = @saved_cs_client */;

--
-- Dumping data for table `OperationalExpenses`
--

LOCK TABLES `OperationalExpenses` WRITE;
/*!40000 ALTER TABLE `OperationalExpenses` DISABLE KEYS */;
/*!40000 ALTER TABLE `OperationalExpenses` ENABLE KEYS */;
UNLOCK TABLES;

--
-- Table structure for table `PaymentMethods`
--

DROP TABLE IF EXISTS `PaymentMethods`;
/*!40101 SET @saved_cs_client     = @@character_set_client */;
/*!50503 SET character_set_client = utf8mb4 */;
CREATE TABLE `PaymentMethods` (
  `paymentMethodId` int NOT NULL AUTO_INCREMENT,
  `name` varchar(30) DEFAULT NULL,
  PRIMARY KEY (`paymentMethodId`)
) ENGINE=InnoDB AUTO_INCREMENT=4 DEFAULT CHARSET=utf8mb4 COLLATE=utf8mb4_0900_ai_ci;
/*!40101 SET character_set_client = @saved_cs_client */;

--
-- Dumping data for table `PaymentMethods`
--

LOCK TABLES `PaymentMethods` WRITE;
/*!40000 ALTER TABLE `PaymentMethods` DISABLE KEYS */;
INSERT INTO `PaymentMethods` VALUES (1,'EFECTIVO'),(2,'TARJETA'),(3,'TRANSFERENCIA');
/*!40000 ALTER TABLE `PaymentMethods` ENABLE KEYS */;
UNLOCK TABLES;

--
-- Table structure for table `Permissions`
--

DROP TABLE IF EXISTS `Permissions`;
/*!40101 SET @saved_cs_client     = @@character_set_client */;
/*!50503 SET character_set_client = utf8mb4 */;
CREATE TABLE `Permissions` (
  `permissionId` int NOT NULL AUTO_INCREMENT,
  `permissionCode` varchar(15) DEFAULT NULL,
  `permissionStatus` enum('ACTIVE','INACTIVE','ELIMINATED') NOT NULL,
  `createdAt` datetime NOT NULL,
  `updatedAt` datetime DEFAULT NULL,
  `enabled` tinyint NOT NULL,
  `moduleId` int NOT NULL,
  PRIMARY KEY (`permissionId`),
  KEY `fk_Permissions_Modules1_idx` (`moduleId`),
  CONSTRAINT `fk_Permissions_Modules1` FOREIGN KEY (`moduleId`) REFERENCES `Modules` (`moduleId`)
) ENGINE=InnoDB DEFAULT CHARSET=utf8mb4 COLLATE=utf8mb4_0900_ai_ci;
/*!40101 SET character_set_client = @saved_cs_client */;

--
-- Dumping data for table `Permissions`
--

LOCK TABLES `Permissions` WRITE;
/*!40000 ALTER TABLE `Permissions` DISABLE KEYS */;
/*!40000 ALTER TABLE `Permissions` ENABLE KEYS */;
UNLOCK TABLES;

--
-- Table structure for table `PermissionsPerRole`
--

DROP TABLE IF EXISTS `PermissionsPerRole`;
/*!40101 SET @saved_cs_client     = @@character_set_client */;
/*!50503 SET character_set_client = utf8mb4 */;
CREATE TABLE `PermissionsPerRole` (
  `roleId` int NOT NULL,
  `permissionId` int NOT NULL,
  `createdAt` datetime NOT NULL,
  `updatedAt` datetime DEFAULT NULL,
  `enabled` tinyint NOT NULL,
  `permissionPerRoleStaus` enum('ACTIVE','INACTIVE','ELIMINATED') NOT NULL,
  PRIMARY KEY (`roleId`,`permissionId`),
  KEY `fk_Roles_has_Permissions_Permissions1_idx` (`permissionId`),
  KEY `fk_Roles_has_Permissions_Roles1_idx` (`roleId`),
  CONSTRAINT `fk_Roles_has_Permissions_Permissions1` FOREIGN KEY (`permissionId`) REFERENCES `Permissions` (`permissionId`),
  CONSTRAINT `fk_Roles_has_Permissions_Roles1` FOREIGN KEY (`roleId`) REFERENCES `Roles` (`roleId`)
) ENGINE=InnoDB DEFAULT CHARSET=utf8mb4 COLLATE=utf8mb4_0900_ai_ci;
/*!40101 SET character_set_client = @saved_cs_client */;

--
-- Dumping data for table `PermissionsPerRole`
--

LOCK TABLES `PermissionsPerRole` WRITE;
/*!40000 ALTER TABLE `PermissionsPerRole` DISABLE KEYS */;
/*!40000 ALTER TABLE `PermissionsPerRole` ENABLE KEYS */;
UNLOCK TABLES;

--
-- Table structure for table `ProductCategories`
--

DROP TABLE IF EXISTS `ProductCategories`;
/*!40101 SET @saved_cs_client     = @@character_set_client */;
/*!50503 SET character_set_client = utf8mb4 */;
CREATE TABLE `ProductCategories` (
  `productCategoryId` int NOT NULL AUTO_INCREMENT,
  `productCategoryName` varchar(30) DEFAULT NULL,
  PRIMARY KEY (`productCategoryId`)
) ENGINE=InnoDB AUTO_INCREMENT=13 DEFAULT CHARSET=utf8mb4 COLLATE=utf8mb4_0900_ai_ci;
/*!40101 SET character_set_client = @saved_cs_client */;

--
-- Dumping data for table `ProductCategories`
--

LOCK TABLES `ProductCategories` WRITE;
/*!40000 ALTER TABLE `ProductCategories` DISABLE KEYS */;
INSERT INTO `ProductCategories` VALUES (1,'Electr√≥nicos'),(2,'Bebidas'),(3,'Papeler√≠a'),(9,'Bocas');
/*!40000 ALTER TABLE `ProductCategories` ENABLE KEYS */;
UNLOCK TABLES;

--
-- Table structure for table `RentPaymentFrequencies`
--

DROP TABLE IF EXISTS `RentPaymentFrequencies`;
/*!40101 SET @saved_cs_client     = @@character_set_client */;
/*!50503 SET character_set_client = utf8mb4 */;
CREATE TABLE `RentPaymentFrequencies` (
  `rentPaymentFrequencyId` int NOT NULL AUTO_INCREMENT,
  `name` varchar(20) DEFAULT 'MONTHLY',
  PRIMARY KEY (`rentPaymentFrequencyId`)
) ENGINE=InnoDB AUTO_INCREMENT=2 DEFAULT CHARSET=utf8mb4 COLLATE=utf8mb4_0900_ai_ci;
/*!40101 SET character_set_client = @saved_cs_client */;

--
-- Dumping data for table `RentPaymentFrequencies`
--

LOCK TABLES `RentPaymentFrequencies` WRITE;
/*!40000 ALTER TABLE `RentPaymentFrequencies` DISABLE KEYS */;
INSERT INTO `RentPaymentFrequencies` VALUES (1,'MONTHLY');
/*!40000 ALTER TABLE `RentPaymentFrequencies` ENABLE KEYS */;
UNLOCK TABLES;

--
-- Table structure for table `Roles`
--

DROP TABLE IF EXISTS `Roles`;
/*!40101 SET @saved_cs_client     = @@character_set_client */;
/*!50503 SET character_set_client = utf8mb4 */;
CREATE TABLE `Roles` (
  `roleId` int NOT NULL AUTO_INCREMENT,
  `roleName` varchar(40) NOT NULL,
  `roleStatus` enum('ACTIVE','INACTIVE','ELIMINATED') NOT NULL,
  `createdAt` datetime NOT NULL,
  `updatedAt` datetime DEFAULT NULL,
  `enabled` tinyint NOT NULL,
  PRIMARY KEY (`roleId`)
) ENGINE=InnoDB DEFAULT CHARSET=utf8mb4 COLLATE=utf8mb4_0900_ai_ci;
/*!40101 SET character_set_client = @saved_cs_client */;

--
-- Dumping data for table `Roles`
--

LOCK TABLES `Roles` WRITE;
/*!40000 ALTER TABLE `Roles` DISABLE KEYS */;
/*!40000 ALTER TABLE `Roles` ENABLE KEYS */;
UNLOCK TABLES;

--
-- Table structure for table `RolesPerUser`
--

DROP TABLE IF EXISTS `RolesPerUser`;
/*!40101 SET @saved_cs_client     = @@character_set_client */;
/*!50503 SET character_set_client = utf8mb4 */;
CREATE TABLE `RolesPerUser` (
  `userId` int NOT NULL,
  `roleId` int NOT NULL,
  `status` enum('ACTIVE','INACTIVE','ELIMINATED') NOT NULL,
  `createdAt` datetime NOT NULL,
  `updatedAt` datetime DEFAULT NULL,
  `enabled` tinyint NOT NULL,
  PRIMARY KEY (`userId`,`roleId`),
  KEY `fk_Users_has_Roles_Roles1_idx` (`roleId`),
  KEY `fk_Users_has_Roles_Users1_idx` (`userId`),
  CONSTRAINT `fk_Users_has_Roles_Roles1` FOREIGN KEY (`roleId`) REFERENCES `Roles` (`roleId`),
  CONSTRAINT `fk_Users_has_Roles_Users1` FOREIGN KEY (`userId`) REFERENCES `Users` (`userId`)
) ENGINE=InnoDB DEFAULT CHARSET=utf8mb4 COLLATE=utf8mb4_0900_ai_ci;
/*!40101 SET character_set_client = @saved_cs_client */;

--
-- Dumping data for table `RolesPerUser`
--

LOCK TABLES `RolesPerUser` WRITE;
/*!40000 ALTER TABLE `RolesPerUser` DISABLE KEYS */;
/*!40000 ALTER TABLE `RolesPerUser` ENABLE KEYS */;
UNLOCK TABLES;

--
-- Table structure for table `SaleBills`
--

DROP TABLE IF EXISTS `SaleBills`;
/*!40101 SET @saved_cs_client     = @@character_set_client */;
/*!50503 SET character_set_client = utf8mb4 */;
CREATE TABLE `SaleBills` (
  `saleBillId` int NOT NULL AUTO_INCREMENT,
  `BillNumber` bigint DEFAULT NULL,
  `referenceNumber` bigint DEFAULT NULL,
  `discount` float DEFAULT NULL,
  `taxAmount` float DEFAULT NULL,
  `taxApplied` float DEFAULT NULL,
  `total` float NOT NULL,
  `paymentConfirmation` json DEFAULT NULL,
  `buyerName` varchar(60) DEFAULT NULL,
  `buyerId` varchar(20) DEFAULT NULL,
  `createdAt` datetime NOT NULL,
  `checksum` varchar(64) NOT NULL,
  `transactionId` int NOT NULL,
  `contractId` int NOT NULL,
  `paymentMethodId` int NOT NULL,
  PRIMARY KEY (`saleBillId`),
  KEY `fk_GlobalBill_Transactions1_idx` (`transactionId`),
  KEY `fk_SaleBills_Contracts1_idx` (`contractId`),
  KEY `fk_SaleBills_PaymentMethods1_idx` (`paymentMethodId`),
  CONSTRAINT `fk_GlobalBill_Transactions1` FOREIGN KEY (`transactionId`) REFERENCES `Transactions` (`TransactionId`),
  CONSTRAINT `fk_SaleBills_Contracts1` FOREIGN KEY (`contractId`) REFERENCES `Contracts` (`contractId`),
  CONSTRAINT `fk_SaleBills_PaymentMethods1` FOREIGN KEY (`paymentMethodId`) REFERENCES `PaymentMethods` (`paymentMethodId`)
) ENGINE=InnoDB AUTO_INCREMENT=241 DEFAULT CHARSET=utf8mb4 COLLATE=utf8mb4_0900_ai_ci;
/*!40101 SET character_set_client = @saved_cs_client */;

--
-- Dumping data for table `SaleBills`
--

LOCK TABLES `SaleBills` WRITE;
/*!40000 ALTER TABLE `SaleBills` DISABLE KEYS */;
INSERT INTO `SaleBills` VALUES (1,57932,530165,0,1560,13,13560,'{\"metodo\": \"pago_exitoso\", \"timestamp\": \"2025-09-02 07:49:45.000000\", \"confirmado\": true}','Cliente-7920',NULL,'2025-09-02 07:49:45','d67b759d7d4a44af37c3393c49e07088ec20da334045dfed9938925d28f52764',1,8,2),(2,11455,619413,0,624,13,5424,'{\"metodo\": \"pago_exitoso\", \"timestamp\": \"2025-09-09 08:43:45.000000\", \"confirmado\": true}','Cliente-8371',NULL,'2025-09-09 08:43:45','521c87b6fab627f5f14c26daa599e758b9341c839d42fbba800456d55447b773',2,7,3),(3,77360,670805,0,312,13,2712,'{\"metodo\": \"pago_exitoso\", \"timestamp\": \"2025-09-05 02:16:45.000000\", \"confirmado\": true}','Cliente-9257',NULL,'2025-09-05 02:16:45','26568baaeef9a18a39a4d4a2e5ee786ad266c0b1b1123ace3b2b79df838b0c2e',3,7,3),(4,34593,636945,0,1560,13,13560,'{\"metodo\": \"pago_exitoso\", \"timestamp\": \"2025-09-05 02:14:45.000000\", \"confirmado\": true}','Cliente-1633',NULL,'2025-09-05 02:14:45','c61ea0dac7f4fb2496f22e99ba0ebcf0e838ea11c5fe5daf4991265010d6c0cd',4,8,2),(5,89398,590333,0,1560,13,13560,'{\"metodo\": \"pago_exitoso\", \"timestamp\": \"2025-09-10 03:05:45.000000\", \"confirmado\": true}','Cliente-0775',NULL,'2025-09-10 03:05:45','09d4db2a13dba49b4a61afb2ec4a3bbf8704e8cf088295a6a463b24ef92fdf00',5,6,2),(6,24032,196030,0,780,13,6780,'{\"metodo\": \"pago_exitoso\", \"timestamp\": \"2025-09-19 12:06:45.000000\", \"confirmado\": true}','Cliente-0658',NULL,'2025-09-19 12:06:45','9e31c174f5346249eb0e024466fd3fd14f218aaafced164c00fd093a3af55dc0',6,8,3),(7,42824,985928,0,2340,13,20340,'{\"metodo\": \"pago_exitoso\", \"timestamp\": \"2025-09-17 10:27:45.000000\", \"confirmado\": true}','Cliente-8276',NULL,'2025-09-17 10:27:45','a959e4550cd6177b49887157ace448185ce1b49f7932a75c567f4e6470c71478',7,6,3),(8,35336,265070,0,9100,13,79100,'{\"metodo\": \"pago_exitoso\", \"timestamp\": \"2025-09-02 12:29:45.000000\", \"confirmado\": true}','Cliente-0726',NULL,'2025-09-02 12:29:45','8736e072868346983fce927843df36d011e6af93f7a1fc25f6054e75593b2f50',8,6,3),(9,31028,849663,0,6240,13,54240,'{\"metodo\": \"pago_exitoso\", \"timestamp\": \"2025-09-20 08:46:45.000000\", \"confirmado\": true}','Cliente-4638',NULL,'2025-09-20 08:46:45','f3082c17a952ed222508716494b7b517ca615aefe43f276f9c93b031682470d6',9,8,1),(10,57307,492768,0,2860,13,24860,'{\"metodo\": \"pago_exitoso\", \"timestamp\": \"2025-09-22 04:36:45.000000\", \"confirmado\": true}','Cliente-6051',NULL,'2025-09-22 04:36:45','b50df4b7418bea54f779c22de279414b2a1fe0b5f3714b703f74d67621e983b9',10,8,1),(11,89043,197711,0,8580,13,74580,'{\"metodo\": \"pago_exitoso\", \"timestamp\": \"2025-09-28 07:25:45.000000\", \"confirmado\": true}','Cliente-9080',NULL,'2025-09-28 07:25:45','0f0e1110c0336d711b0c48412b5a73fb9948b0ab30e09d17c613c0d425a74a8a',11,8,2),(12,53922,948048,0,1950,13,16950,'{\"metodo\": \"pago_exitoso\", \"timestamp\": \"2025-09-18 13:33:45.000000\", \"confirmado\": true}','Cliente-2473',NULL,'2025-09-18 13:33:45','6a4a199acc3b223aba192c2e14767cd3c65f774b168ccbb9156040aa11b246fd',12,6,3),(13,74150,809957,0,312,13,2712,'{\"metodo\": \"pago_exitoso\", \"timestamp\": \"2025-09-14 01:38:45.000000\", \"confirmado\": true}','Cliente-8058',NULL,'2025-09-14 01:38:45','80ebf6921e6ab07cd0681855c1c7fec37ca1bfb0b35797e6c665bc21f20de06b',13,7,3),(14,52200,720978,0,520,13,4520,'{\"metodo\": \"pago_exitoso\", \"timestamp\": \"2025-09-08 05:46:45.000000\", \"confirmado\": true}','Cliente-0433',NULL,'2025-09-08 05:46:45','bcd6f0df0260db3cac6f1eda2985e29710cb7abf606dd914a4da9079a3e6a632',14,7,2),(15,69727,138154,0,3120,13,27120,'{\"metodo\": \"pago_exitoso\", \"timestamp\": \"2025-10-01 06:10:45.000000\", \"confirmado\": true}','Cliente-2211',NULL,'2025-10-01 06:10:45','a3c7aaa2eb616c3c5380c64a97b9197a9df717e20365cfdede326bad23aa6cce',15,6,2),(16,40866,730253,0,325,13,2825,'{\"metodo\": \"pago_exitoso\", \"timestamp\": \"2025-09-22 00:14:45.000000\", \"confirmado\": true}','Cliente-4725',NULL,'2025-09-22 00:14:45','d09cb25ee6a33c74603b1f24a28264dc4be0db7bc715843918acd2da75d99727',16,8,1),(17,31066,359155,0,7020,13,61020,'{\"metodo\": \"pago_exitoso\", \"timestamp\": \"2025-09-11 05:58:45.000000\", \"confirmado\": true}','Cliente-7375',NULL,'2025-09-11 05:58:45','73da4496187b784204f1bc850e4a7bf5d6f6dbdc3f7e6ed54868028e69d3f381',17,6,2),(18,98696,558907,0,1560,13,13560,'{\"metodo\": \"pago_exitoso\", \"timestamp\": \"2025-09-14 10:01:45.000000\", \"confirmado\": true}','Cliente-5929',NULL,'2025-09-14 10:01:45','4b8ae6a04cbb055bb1f6098ddffdf6f8a242c2338ea256d7098d9a334af0121a',18,8,3),(19,42854,728459,0,624,13,5424,'{\"metodo\": \"pago_exitoso\", \"timestamp\": \"2025-09-26 12:56:45.000000\", \"confirmado\": true}','Cliente-3963',NULL,'2025-09-26 12:56:45','a1b7f84a1742cd39ea111c9a93b86be54d363071aa83787f7f179edf417634be',19,7,1),(20,14625,609579,0,975,13,8475,'{\"metodo\": \"pago_exitoso\", \"timestamp\": \"2025-09-30 09:02:45.000000\", \"confirmado\": true}','Cliente-6768',NULL,'2025-09-30 09:02:45','df0c4c275a541ed25de676d45287c2bdce55079cd5a628d3ae04b51eab5b9bbf',20,8,1),(21,34976,449367,0,1300,13,11300,'{\"metodo\": \"pago_exitoso\", \"timestamp\": \"2025-09-18 06:02:45.000000\", \"confirmado\": true}','Cliente-1084',NULL,'2025-09-18 06:02:45','41263a07a5b15eb76e55fe4f74119ac01b14ff2918c14d0dde478253082fbde0',21,8,2),(22,34110,406494,0,1560,13,13560,'{\"metodo\": \"pago_exitoso\", \"timestamp\": \"2025-09-11 06:08:45.000000\", \"confirmado\": true}','Cliente-8990',NULL,'2025-09-11 06:08:45','ff10165b4b89f59a99d42056ffb187e23a9a642df60414769926b72cb48bf852',22,7,1),(23,37206,334614,0,624,13,5424,'{\"metodo\": \"pago_exitoso\", \"timestamp\": \"2025-09-12 07:36:45.000000\", \"confirmado\": true}','Cliente-3965',NULL,'2025-09-12 07:36:45','a0f533458661393c09251143d9a470d524b8e7e1007e0b3874f63f3ab6d50b0c',23,7,2),(24,99168,745825,0,4680,13,40680,'{\"metodo\": \"pago_exitoso\", \"timestamp\": \"2025-09-05 00:35:45.000000\", \"confirmado\": true}','Cliente-6156',NULL,'2025-09-05 00:35:45','633d98816d9bd809062f392e9ec5bbe12cb74aa715c56cf4c99680bf088e7a28',24,6,3),(25,12077,979115,0,2860,13,24860,'{\"metodo\": \"pago_exitoso\", \"timestamp\": \"2025-09-23 00:18:45.000000\", \"confirmado\": true}','Cliente-8147',NULL,'2025-09-23 00:18:45','0cadca8f020f50e725fd692c6f5f96411b4bc629b31ab4b98d06433511d4064c',25,8,2),(26,85128,445301,0,5850,13,50850,'{\"metodo\": \"pago_exitoso\", \"timestamp\": \"2025-09-06 05:30:45.000000\", \"confirmado\": true}','Cliente-4140',NULL,'2025-09-06 05:30:45','4057d18cb9780b48f65c74f36e96324f85a00afeb57a61c6a687706c1405827c',26,6,1),(27,52496,558100,0,325,13,2825,'{\"metodo\": \"pago_exitoso\", \"timestamp\": \"2025-09-02 13:45:45.000000\", \"confirmado\": true}','Cliente-1285',NULL,'2025-09-02 13:45:45','f8600445c49e1af304b7076bb34fde169900ee0fab2879f352b7ffd48e8b5db8',27,8,3),(28,37662,394170,0,6500,13,56500,'{\"metodo\": \"pago_exitoso\", \"timestamp\": \"2025-09-17 07:21:45.000000\", \"confirmado\": true}','Cliente-7122',NULL,'2025-09-17 07:21:45','faa36a710e69b985ccdef91a4858c444a8da87f3b0bc2bc3f656a37bdc6c2bad',28,6,1),(29,98541,704624,0,78,13,678,'{\"metodo\": \"pago_exitoso\", \"timestamp\": \"2025-09-28 05:35:45.000000\", \"confirmado\": true}','Cliente-4077',NULL,'2025-09-28 05:35:45','9dc5ec89e06b2f23b12b88b089813d3122515bbd0d21133bb4a2f78bfcd1fef0',29,7,3),(30,84614,484907,0,4680,13,40680,'{\"metodo\": \"pago_exitoso\", \"timestamp\": \"2025-09-24 02:01:45.000000\", \"confirmado\": true}','Cliente-6512',NULL,'2025-09-24 02:01:45','295149f5f904ea0014d43f6bb8a732971f6757dc9c42436b49ac156149491a3c',30,6,2),(31,47731,946495,0,4680,13,40680,'{\"metodo\": \"pago_exitoso\", \"timestamp\": \"2025-09-18 05:30:45.000000\", \"confirmado\": true}','Cliente-4450',NULL,'2025-09-18 05:30:45','3e8dd35d44791659db87c540dd94becc007560b71a08fbe1be3a6659fecd527d',31,8,2),(32,27403,894499,0,156,13,1356,'{\"metodo\": \"pago_exitoso\", \"timestamp\": \"2025-09-03 03:13:45.000000\", \"confirmado\": true}','Cliente-8338',NULL,'2025-09-03 03:13:45','141308234e9f8fd6602e03578770f96b9f9a244347c036da6b1717cea73700e8',32,7,2),(33,82219,807088,0,1248,13,10848,'{\"metodo\": \"pago_exitoso\", \"timestamp\": \"2025-09-19 04:12:45.000000\", \"confirmado\": true}','Cliente-5210',NULL,'2025-09-19 04:12:45','3430954aa065e78100ec1e8288c311fc63501a605537d8e716155d7e883a1b7e',33,7,1),(34,29168,704329,0,3120,13,27120,'{\"metodo\": \"pago_exitoso\", \"timestamp\": \"2025-09-27 12:03:45.000000\", \"confirmado\": true}','Cliente-7184',NULL,'2025-09-27 12:03:45','cf349f8a8aab7c4aaff12cf6729344b7a1ac13d1d2a2bb54715e37a89a1102b6',34,6,2),(35,94760,238387,0,624,13,5424,'{\"metodo\": \"pago_exitoso\", \"timestamp\": \"2025-09-18 07:13:45.000000\", \"confirmado\": true}','Cliente-9434',NULL,'2025-09-18 07:13:45','50891a16b0f5b174110a7b4cc89418cfdca29221406ce6bac17e97ac528eb413',35,7,2),(36,99639,766018,0,9100,13,79100,'{\"metodo\": \"pago_exitoso\", \"timestamp\": \"2025-09-30 12:08:45.000000\", \"confirmado\": true}','Cliente-7121',NULL,'2025-09-30 12:08:45','a8d003070ed71e036a17b882c9795b70c3d4c33753e1288d83304184b096af03',36,6,1),(37,43485,141204,0,1820,13,15820,'{\"metodo\": \"pago_exitoso\", \"timestamp\": \"2025-09-21 04:40:45.000000\", \"confirmado\": true}','Cliente-1128',NULL,'2025-09-21 04:40:45','6cbdf0f7796a30b6a07228ffd797e3052548614ba6a21d40944a75fdd6d785e0',37,7,1),(38,16835,794324,0,468,13,4068,'{\"metodo\": \"pago_exitoso\", \"timestamp\": \"2025-09-30 03:58:45.000000\", \"confirmado\": true}','Cliente-6295',NULL,'2025-09-30 03:58:45','12bb98d93cb8d293d1fabd25f97993d082e48d9a6f53e0cc180009afc35e5091',38,7,1),(39,66429,416506,0,1300,13,11300,'{\"metodo\": \"pago_exitoso\", \"timestamp\": \"2025-09-13 05:01:45.000000\", \"confirmado\": true}','Cliente-8774',NULL,'2025-09-13 05:01:45','3d63418f50edb29523afae9b939c63788fb1682d62751a33b60c46ea4885e3d2',39,8,3),(40,59300,155806,0,3250,13,28250,'{\"metodo\": \"pago_exitoso\", \"timestamp\": \"2025-09-13 10:45:45.000000\", \"confirmado\": true}','Cliente-6667',NULL,'2025-09-13 10:45:45','3ed6fc95d827dd294890de5b3cb910274d954baaf0efb131f87405e36dec0aab',40,6,2),(41,98388,601330,0,1560,13,13560,'{\"metodo\": \"pago_exitoso\", \"timestamp\": \"2025-09-02 03:19:45.000000\", \"confirmado\": true}','Cliente-8388',NULL,'2025-09-02 03:19:45','82bde5db8dab34d2d40a7f0e9d56183fc1f84bb1c04cf6d453c1221d1d66fd7f',41,6,3),(42,47842,697025,0,1248,13,10848,'{\"metodo\": \"pago_exitoso\", \"timestamp\": \"2025-09-21 13:39:45.000000\", \"confirmado\": true}','Cliente-0554',NULL,'2025-09-21 13:39:45','4bd8e3374bcacf0ca61e22c2934a205eea5ea9d8d38face0040589792a4b9594',42,7,2),(43,99233,478869,0,3900,13,33900,'{\"metodo\": \"pago_exitoso\", \"timestamp\": \"2025-09-14 07:58:45.000000\", \"confirmado\": true}','Cliente-1304',NULL,'2025-09-14 07:58:45','304a8f2f18bc5084e0bdacb25710f5fb546e8b65128040e594648c207f801702',43,6,1),(44,36603,482318,0,1300,13,11300,'{\"metodo\": \"pago_exitoso\", \"timestamp\": \"2025-09-21 13:42:45.000000\", \"confirmado\": true}','Cliente-2372',NULL,'2025-09-21 13:42:45','2880dcc73ba1a760c156aedcc648aba3ab5680dcd255fcf78e63d9dbf7b8040b',44,7,3),(45,56654,210141,0,3120,13,27120,'{\"metodo\": \"pago_exitoso\", \"timestamp\": \"2025-09-03 03:32:45.000000\", \"confirmado\": true}','Cliente-0568',NULL,'2025-09-03 03:32:45','1affb90af5d580d4be864d735b77f12936264f7f567ad2802ab31b0aa268edb8',45,8,3),(46,92316,808171,0,780,13,6780,'{\"metodo\": \"pago_exitoso\", \"timestamp\": \"2025-09-22 09:28:45.000000\", \"confirmado\": true}','Cliente-1904',NULL,'2025-09-22 09:28:45','8b2eeb5e49478632acc80f75a70a9e1ffcfae8596edf9614decb0bff5fd358df',46,8,1),(47,69886,576563,0,208,13,1808,'{\"metodo\": \"pago_exitoso\", \"timestamp\": \"2025-09-13 08:14:45.000000\", \"confirmado\": true}','Cliente-6513',NULL,'2025-09-13 08:14:45','29a29adab11f03a8669eb1aba39ac2f52c6585d516c9a4e14b8895ad95912716',47,7,1),(48,29387,700970,0,1300,13,11300,'{\"metodo\": \"pago_exitoso\", \"timestamp\": \"2025-09-17 09:49:45.000000\", \"confirmado\": true}','Cliente-6925',NULL,'2025-09-17 09:49:45','80f8c21d047ae3ab1f334e9194def6a69f531cee731d33d691511d0a448cd25c',48,8,1),(49,10909,161426,0,624,13,5424,'{\"metodo\": \"pago_exitoso\", \"timestamp\": \"2025-09-04 06:32:45.000000\", \"confirmado\": true}','Cliente-3110',NULL,'2025-09-04 06:32:45','5a78ff5b65e0b43a4754e1f87d91f51f72ab90775d28e11eff3fae4ae35a5237',49,7,1),(50,17178,400848,0,130,13,1130,'{\"metodo\": \"pago_exitoso\", \"timestamp\": \"2025-09-10 07:27:45.000000\", \"confirmado\": true}','Cliente-4321',NULL,'2025-09-10 07:27:45','acd9d46948f0c38f8cbbbb81f2d3baa34134861c335638a93108660046784f32',50,7,3),(51,93425,771241,0,520,13,4520,'{\"metodo\": \"pago_exitoso\", \"timestamp\": \"2025-08-22 05:44:47.000000\", \"confirmado\": true}','Cliente-9482',NULL,'2025-08-22 05:44:47','20f375cae821c5d25b4816e661f3538b50c261e4952a6203b193d2567d105cf0',51,7,2),(52,95700,527624,0,546,13,4746,'{\"metodo\": \"pago_exitoso\", \"timestamp\": \"2025-08-24 11:24:47.000000\", \"confirmado\": true}','Cliente-5190',NULL,'2025-08-24 11:24:47','8a9a72f3c0d8d1859c30fd56c4553e6d7e924216c83c8b0b54ed70a2c8b9e299',52,7,2),(53,71662,949031,0,5850,13,50850,'{\"metodo\": \"pago_exitoso\", \"timestamp\": \"2025-08-07 06:42:47.000000\", \"confirmado\": true}','Cliente-6614',NULL,'2025-08-07 06:42:47','8393337e9548ae24f32ac8bf1da4524574d5b05838694e3b16b447f11d701500',53,6,1),(54,25547,776420,0,1300,13,11300,'{\"metodo\": \"pago_exitoso\", \"timestamp\": \"2025-08-12 08:07:47.000000\", \"confirmado\": true}','Cliente-2397',NULL,'2025-08-12 08:07:47','b9dabcbcbef0ce34959fefe19275185999ae35cfd2d9e5d094a3803d4cb8c58a',54,7,3),(55,66100,993229,0,1560,13,13560,'{\"metodo\": \"pago_exitoso\", \"timestamp\": \"2025-08-08 07:25:47.000000\", \"confirmado\": true}','Cliente-0924',NULL,'2025-08-08 07:25:47','89f58c8c7a1afc301c9f9c3e105d7e5ba0afe9bc2778a7702c2484655c89abdb',55,8,2),(56,51273,433913,0,468,13,4068,'{\"metodo\": \"pago_exitoso\", \"timestamp\": \"2025-08-05 11:22:47.000000\", \"confirmado\": true}','Cliente-4793',NULL,'2025-08-05 11:22:47','4c85b2b6ff000a3eb2b675d0913e80fd60f4fd895959877d18c6d8e9c0a99d84',56,7,1),(57,86895,534930,0,2340,13,20340,'{\"metodo\": \"pago_exitoso\", \"timestamp\": \"2025-08-24 04:42:47.000000\", \"confirmado\": true}','Cliente-8531',NULL,'2025-08-24 04:42:47','7f48fb1e01a60224778631fc970c36967cce2a5b69e03d8a59932d60a92c3ba1',57,6,2),(58,65437,610478,0,390,13,3390,'{\"metodo\": \"pago_exitoso\", \"timestamp\": \"2025-08-27 06:51:47.000000\", \"confirmado\": true}','Cliente-9880',NULL,'2025-08-27 06:51:47','057e1483ac722e0164d325a86fa3865f68aa31fa28f1135d0cb69789379fc25a',58,8,3),(59,74285,407620,0,3900,13,33900,'{\"metodo\": \"pago_exitoso\", \"timestamp\": \"2025-08-18 01:01:47.000000\", \"confirmado\": true}','Cliente-5662',NULL,'2025-08-18 01:01:47','3a92864a844fe0fbb981f139231e093977e7a072436c342052002d45d8acf8fe',59,6,3),(60,69026,254536,0,325,13,2825,'{\"metodo\": \"pago_exitoso\", \"timestamp\": \"2025-08-28 00:50:47.000000\", \"confirmado\": true}','Cliente-8910',NULL,'2025-08-28 00:50:47','14e7677f0111439cd10c1586bb1411b480dd6351838ee75294074136b9893754',60,8,1),(61,55857,502713,0,3900,13,33900,'{\"metodo\": \"pago_exitoso\", \"timestamp\": \"2025-08-18 06:53:47.000000\", \"confirmado\": true}','Cliente-7087',NULL,'2025-08-18 06:53:47','a4b9e987c44f8afe04b0d966370c150bdde104d5035cfdc926fa693cc9625631',61,8,1),(62,57673,569022,0,7020,13,61020,'{\"metodo\": \"pago_exitoso\", \"timestamp\": \"2025-08-22 04:27:47.000000\", \"confirmado\": true}','Cliente-0166',NULL,'2025-08-22 04:27:47','c3ac38f33689d575ee06ecf87296acf0c0dbdc4eaccc4cfb7b90e4634073cea4',62,6,2),(63,16774,712164,0,520,13,4520,'{\"metodo\": \"pago_exitoso\", \"timestamp\": \"2025-08-25 09:48:47.000000\", \"confirmado\": true}','Cliente-1751',NULL,'2025-08-25 09:48:47','d6e657f3b2ce11948841ca8a79e28c300c674c67e49f7c23352f797dcac23f56',63,7,3),(64,95430,147734,0,8580,13,74580,'{\"metodo\": \"pago_exitoso\", \"timestamp\": \"2025-08-10 07:31:47.000000\", \"confirmado\": true}','Cliente-4175',NULL,'2025-08-10 07:31:47','e98c68ab8cb69b016f7c5c15261cb48684a6043fbe4548eb8c4bff3d7c2c11cc',64,8,3),(65,19953,797147,0,325,13,2825,'{\"metodo\": \"pago_exitoso\", \"timestamp\": \"2025-08-13 10:50:47.000000\", \"confirmado\": true}','Cliente-5413',NULL,'2025-08-13 10:50:47','51c5a3b7b7e012e193e6db3368a6f86073f5b6aa5b6cee937c36d27e81c03e70',65,8,3),(66,81348,334309,0,312,13,2712,'{\"metodo\": \"pago_exitoso\", \"timestamp\": \"2025-08-14 02:01:47.000000\", \"confirmado\": true}','Cliente-9234',NULL,'2025-08-14 02:01:47','5368da2e590c8bb3f4af99bbbdbddaab880398c5f7ffa14ee1f66e86de875f73',66,7,2),(67,53925,477762,0,1170,13,10170,'{\"metodo\": \"pago_exitoso\", \"timestamp\": \"2025-08-18 11:37:47.000000\", \"confirmado\": true}','Cliente-6345',NULL,'2025-08-18 11:37:47','31e2cd526232e371aad2ad988acbbc542a7f2fd6eef8dc3a242646ce44f9c057',67,8,3),(68,80535,154113,0,8580,13,74580,'{\"metodo\": \"pago_exitoso\", \"timestamp\": \"2025-08-06 09:53:47.000000\", \"confirmado\": true}','Cliente-9494',NULL,'2025-08-06 09:53:47','1ca48fcd31c1da9597ec10ed358646e5e3c8097887317cd14ea997c81582e1dc',68,8,1),(69,13663,709278,0,260,13,2260,'{\"metodo\": \"pago_exitoso\", \"timestamp\": \"2025-08-27 03:43:47.000000\", \"confirmado\": true}','Cliente-2628',NULL,'2025-08-27 03:43:47','07ac4545ab31586e62737888ebb10f9d1144253549f2f46917393352a166e021',69,7,3),(70,96347,901463,0,1560,13,13560,'{\"metodo\": \"pago_exitoso\", \"timestamp\": \"2025-08-17 11:24:47.000000\", \"confirmado\": true}','Cliente-5743',NULL,'2025-08-17 11:24:47','33783f0ed70e04090af2ec57e87b4289abc388c0bfb7ec3186c8dcad254b0a5d',70,6,2),(71,39788,172647,0,5850,13,50850,'{\"metodo\": \"pago_exitoso\", \"timestamp\": \"2025-08-29 02:32:47.000000\", \"confirmado\": true}','Cliente-4107',NULL,'2025-08-29 02:32:47','b4fe2b6304ed0bf01d2949eb9deb44efc4d173ef261c9eaf20c517ee5ab7d700',71,6,1),(72,73798,514123,0,4680,13,40680,'{\"metodo\": \"pago_exitoso\", \"timestamp\": \"2025-08-04 09:42:47.000000\", \"confirmado\": true}','Cliente-1741',NULL,'2025-08-04 09:42:47','9173fa0ced4688b3cbe00955f7d9de4c52b0cb69aedf2792c7b3a4b9d0a5eeec',72,8,2),(73,64397,929429,0,260,13,2260,'{\"metodo\": \"pago_exitoso\", \"timestamp\": \"2025-08-31 10:44:47.000000\", \"confirmado\": true}','Cliente-7947',NULL,'2025-08-31 10:44:47','79cf71dd2fedcbfa5e345e2677061c3e8a319d98e8dbd0f33dc716e4f58b809b',73,7,2),(74,25222,745290,0,4680,13,40680,'{\"metodo\": \"pago_exitoso\", \"timestamp\": \"2025-08-21 12:21:47.000000\", \"confirmado\": true}','Cliente-0776',NULL,'2025-08-21 12:21:47','4e1a5cd046a4e095ca7c43a7ced62c3c4d097f650abc57e977421925cf58b7f0',74,6,1),(75,10743,863143,0,2340,13,20340,'{\"metodo\": \"pago_exitoso\", \"timestamp\": \"2025-08-21 09:26:47.000000\", \"confirmado\": true}','Cliente-2149',NULL,'2025-08-21 09:26:47','e3e33630ccb6eb4aa125038445e08e85bcd0882298fd0964cc01243bfb58134c',75,6,1),(76,16422,402632,0,624,13,5424,'{\"metodo\": \"pago_exitoso\", \"timestamp\": \"2025-08-25 11:26:49.000000\", \"confirmado\": true}','Cliente-4672',NULL,'2025-08-25 11:26:49','afc3071f8a8810287c104e8efe377ad0862834764b4edc25471d0e9870232b47',76,7,3),(77,43636,687599,0,1950,13,16950,'{\"metodo\": \"pago_exitoso\", \"timestamp\": \"2025-08-25 09:46:49.000000\", \"confirmado\": true}','Cliente-1433',NULL,'2025-08-25 09:46:49','0ec2c9c48b0d05ac8ee678cde8573c5b4741143105bdc7160fce2da4d4a554b5',77,6,3),(78,19083,931683,0,975,13,8475,'{\"metodo\": \"pago_exitoso\", \"timestamp\": \"2025-08-17 00:31:49.000000\", \"confirmado\": true}','Cliente-3177',NULL,'2025-08-17 00:31:49','edec8c7cc39605fd03a7c18bc3542537691591216fa1f47b37ac30528a5d761e',78,8,2),(79,96090,781774,0,1950,13,16950,'{\"metodo\": \"pago_exitoso\", \"timestamp\": \"2025-08-16 03:28:49.000000\", \"confirmado\": true}','Cliente-9179',NULL,'2025-08-16 03:28:49','c4a79392c31ca3f5a57565160d84ba6c5656e7578a7b4a5d3d813f7cbe0aaf5c',79,8,3),(80,41493,465301,0,2340,13,20340,'{\"metodo\": \"pago_exitoso\", \"timestamp\": \"2025-08-16 01:57:49.000000\", \"confirmado\": true}','Cliente-9796',NULL,'2025-08-16 01:57:49','de03bd1519c1154ec8d82f3c5aab55cc04f06e743a31a46423d72f46ae5ede52',80,6,2),(81,87148,342031,0,780,13,6780,'{\"metodo\": \"pago_exitoso\", \"timestamp\": \"2025-09-01 02:50:49.000000\", \"confirmado\": true}','Cliente-7730',NULL,'2025-09-01 02:50:49','2c92fbcb5d0fe08ea836cd68e0521018947e7381dabd397495a84d3ace78b28a',81,8,3),(82,91991,781355,0,7020,13,61020,'{\"metodo\": \"pago_exitoso\", \"timestamp\": \"2025-08-17 07:02:49.000000\", \"confirmado\": true}','Cliente-0523',NULL,'2025-08-17 07:02:49','418e5884fa603dbffa6ceaf8ddfc6ff88267df70dc055007b4ae5832cce7e152',82,6,2),(83,99937,540940,0,11440,13,99440,'{\"metodo\": \"pago_exitoso\", \"timestamp\": \"2025-08-14 00:24:49.000000\", \"confirmado\": true}','Cliente-4517',NULL,'2025-08-14 00:24:49','c2d4cffc798f12a46053cae9263f407b47c047959d89d1cb3a1a2b7e61c6c55b',83,8,3),(84,14458,921538,0,1170,13,10170,'{\"metodo\": \"pago_exitoso\", \"timestamp\": \"2025-08-29 12:11:49.000000\", \"confirmado\": true}','Cliente-4155',NULL,'2025-08-29 12:11:49','c3c6b18499e2f6f12e23b1462bd39cc64a7e9c289330ad2fddd372efcfb6b6fb',84,8,1),(85,63658,140375,0,520,13,4520,'{\"metodo\": \"pago_exitoso\", \"timestamp\": \"2025-08-09 03:52:49.000000\", \"confirmado\": true}','Cliente-4357',NULL,'2025-08-09 03:52:49','4c0772ad38ee2a401201b5ed1bfe9f5de00f2461e5b7334ec605acf68edd0460',85,7,2),(86,36288,597913,0,4680,13,40680,'{\"metodo\": \"pago_exitoso\", \"timestamp\": \"2025-08-20 11:44:49.000000\", \"confirmado\": true}','Cliente-8899',NULL,'2025-08-20 11:44:49','8a4d5561b6fede60cd11ac2f63b51640e0459930af13f81caa9d8e6f24f4841e',86,6,1),(87,70490,766906,0,325,13,2825,'{\"metodo\": \"pago_exitoso\", \"timestamp\": \"2025-08-23 05:14:49.000000\", \"confirmado\": true}','Cliente-6887',NULL,'2025-08-23 05:14:49','7e44962a9605b1b31d2d38853c46392dfd027e1d151477aeb931b53755096642',87,8,3),(88,67652,101591,0,6500,13,56500,'{\"metodo\": \"pago_exitoso\", \"timestamp\": \"2025-08-18 11:47:49.000000\", \"confirmado\": true}','Cliente-0871',NULL,'2025-08-18 11:47:49','da771e368f8ab1e653b8f178e6907f7e293bedd3eabb36f1a520537e91dc5580',88,6,2),(89,86951,818147,0,260,13,2260,'{\"metodo\": \"pago_exitoso\", \"timestamp\": \"2025-08-29 01:19:49.000000\", \"confirmado\": true}','Cliente-4247',NULL,'2025-08-29 01:19:49','76d08285aa13ce0409134427328e8852cce838ad85df2a8c41645d9804c6a181',89,7,1),(90,86276,172124,0,975,13,8475,'{\"metodo\": \"pago_exitoso\", \"timestamp\": \"2025-08-24 04:48:49.000000\", \"confirmado\": true}','Cliente-8581',NULL,'2025-08-24 04:48:49','33393afa1123bcb78ee3a9be4179f44578014ad9024dacb07751b1cbf6d1a845',90,8,1),(91,85276,757830,0,1560,13,13560,'{\"metodo\": \"pago_exitoso\", \"timestamp\": \"2025-08-28 00:38:49.000000\", \"confirmado\": true}','Cliente-1454',NULL,'2025-08-28 00:38:49','6a8e0700a65752ff82ef80bc4a3ca7fce86c931088d9d1598a6ec2e4512f1d2a',91,6,1),(92,43360,671191,0,520,13,4520,'{\"metodo\": \"pago_exitoso\", \"timestamp\": \"2025-08-28 00:46:49.000000\", \"confirmado\": true}','Cliente-0613',NULL,'2025-08-28 00:46:49','52223d44124b28400a97f044ff34721359f663659c7b428e803e3c840544db6b',92,7,3),(93,92046,324677,0,1040,13,9040,'{\"metodo\": \"pago_exitoso\", \"timestamp\": \"2025-08-27 01:52:49.000000\", \"confirmado\": true}','Cliente-5133',NULL,'2025-08-27 01:52:49','90f0964ab1f5abb48edb154ccf59bce4c44c60e464ec781b2fef25a086a64114',93,7,1),(94,55505,626746,0,780,13,6780,'{\"metodo\": \"pago_exitoso\", \"timestamp\": \"2025-08-08 02:21:49.000000\", \"confirmado\": true}','Cliente-4095',NULL,'2025-08-08 02:21:49','236f1832729538106784122fe2797f7296583ec1ad11ecf08526bf750552617c',94,8,1),(95,73045,810942,0,1950,13,16950,'{\"metodo\": \"pago_exitoso\", \"timestamp\": \"2025-08-12 08:56:49.000000\", \"confirmado\": true}','Cliente-8481',NULL,'2025-08-12 08:56:49','29236c8b80abcaf293fb3da253212ee7324ed31cb88072d75b7349c97f5fb3f6',95,6,3),(96,95698,932713,0,3120,13,27120,'{\"metodo\": \"pago_exitoso\", \"timestamp\": \"2025-08-10 06:09:49.000000\", \"confirmado\": true}','Cliente-7696',NULL,'2025-08-10 06:09:49','8d427fbc1580394f87f69e69b4f10b4ef0cdf9f187e99a0a28d37491f04b66d4',96,8,1),(97,24318,912459,0,3250,13,28250,'{\"metodo\": \"pago_exitoso\", \"timestamp\": \"2025-08-31 02:46:49.000000\", \"confirmado\": true}','Cliente-0364',NULL,'2025-08-31 02:46:49','92cb0a99598c2145b1fbd4362cba075025dfd4da56e42a5323861de1a7975f46',97,6,1),(98,97546,589730,0,728,13,6328,'{\"metodo\": \"pago_exitoso\", \"timestamp\": \"2025-08-15 04:57:49.000000\", \"confirmado\": true}','Cliente-8025',NULL,'2025-08-15 04:57:49','b761f6fefcc2b1b64a0f5c229b29f1a9236b21ca288734d408baf11838a3414e',98,7,3),(99,57616,170632,0,780,13,6780,'{\"metodo\": \"pago_exitoso\", \"timestamp\": \"2025-08-28 10:22:49.000000\", \"confirmado\": true}','Cliente-8052',NULL,'2025-08-28 10:22:49','e4893cbfda9f1f06ee154d8e0c09cf45da5d014f791be3d8b67e775887f220d4',99,7,2),(100,70315,331468,0,780,13,6780,'{\"metodo\": \"pago_exitoso\", \"timestamp\": \"2025-08-04 11:23:49.000000\", \"confirmado\": true}','Cliente-2754',NULL,'2025-08-04 11:23:49','db5f963622edca9edcd9d8b367428c47230efa462f0890f69c069b3acd2e14f2',100,8,2),(101,69868,213412,0,208,13,1808,'{\"metodo\": \"pago_exitoso\", \"timestamp\": \"2025-08-22 02:46:50.000000\", \"confirmado\": true}','Cliente-6345',NULL,'2025-08-22 02:46:50','af55b4d1bc696a97eabed42692c53eaf8302793958ccf89e880967a83092a09e',101,7,2),(102,75242,945361,0,7800,13,67800,'{\"metodo\": \"pago_exitoso\", \"timestamp\": \"2025-08-15 00:28:50.000000\", \"confirmado\": true}','Cliente-5217',NULL,'2025-08-15 00:28:50','80d505630651688722ddd99723fb221c6d445f218490085b4d627f49718ee26a',102,8,1),(103,74162,635912,0,975,13,8475,'{\"metodo\": \"pago_exitoso\", \"timestamp\": \"2025-08-12 09:25:50.000000\", \"confirmado\": true}','Cliente-8385',NULL,'2025-08-12 09:25:50','d6d296cdc1da0a62cf7295c3deb8c93dd1a5ffb1e09f84e12b370b091500586c',103,8,3),(104,55574,671944,0,312,13,2712,'{\"metodo\": \"pago_exitoso\", \"timestamp\": \"2025-07-28 02:13:50.000000\", \"confirmado\": true}','Cliente-6583',NULL,'2025-07-28 02:13:50','7435dfe365dd6e17b438cfa680814654314d5d473abb02c8ce6acead6bf5dce9',104,7,2),(105,57221,133444,0,650,13,5650,'{\"metodo\": \"pago_exitoso\", \"timestamp\": \"2025-07-29 12:03:50.000000\", \"confirmado\": true}','Cliente-6118',NULL,'2025-07-29 12:03:50','f0f8011d297e6a9391049f3e02cead7d79b3e1e0903e9f939bd9dd3e03b91bef',105,7,2),(106,60628,486046,0,4680,13,40680,'{\"metodo\": \"pago_exitoso\", \"timestamp\": \"2025-07-15 01:41:50.000000\", \"confirmado\": true}','Cliente-4571',NULL,'2025-07-15 01:41:50','18613d20698ec83f6feaeed4462f0f6d856e56de71a1e7b99292a821a8735bcd',106,8,1),(107,60043,671909,0,2860,13,24860,'{\"metodo\": \"pago_exitoso\", \"timestamp\": \"2025-07-12 02:47:50.000000\", \"confirmado\": true}','Cliente-5092',NULL,'2025-07-12 02:47:50','96cfc28867534f2050245b7be90912b6385032a8b76925e349601e2066acef1f',107,8,2),(108,20882,247431,0,312,13,2712,'{\"metodo\": \"pago_exitoso\", \"timestamp\": \"2025-07-29 06:45:50.000000\", \"confirmado\": true}','Cliente-4563',NULL,'2025-07-29 06:45:50','d1f00a2f721d008f273d56593012af9df2263246b5b4949c87b3c5c35c56314d',108,7,2),(109,56843,331971,0,1170,13,10170,'{\"metodo\": \"pago_exitoso\", \"timestamp\": \"2025-07-05 01:41:50.000000\", \"confirmado\": true}','Cliente-7273',NULL,'2025-07-05 01:41:50','653f40d6b9715fc571a26dcf450f2933a79a27bd3f4ac2b3d7f9513eb0946ec1',109,8,1),(110,62856,828057,0,1950,13,16950,'{\"metodo\": \"pago_exitoso\", \"timestamp\": \"2025-08-02 10:52:50.000000\", \"confirmado\": true}','Cliente-2829',NULL,'2025-08-02 10:52:50','6d294950bda378787bfa289f467de10663448f04bc5e5df9df5f1f0d577ae34d',110,8,1),(111,49533,687394,0,3900,13,33900,'{\"metodo\": \"pago_exitoso\", \"timestamp\": \"2025-07-29 03:56:50.000000\", \"confirmado\": true}','Cliente-9455',NULL,'2025-07-29 03:56:50','e0187a221a65cb89b62d2c9dd8aba34bc254ac69d882694bf7828bcdc4afdbb6',111,8,3),(112,43189,537832,0,5850,13,50850,'{\"metodo\": \"pago_exitoso\", \"timestamp\": \"2025-07-12 04:25:50.000000\", \"confirmado\": true}','Cliente-3261',NULL,'2025-07-12 04:25:50','1a92a3cccb84c7de62d33d4d177384baaef2e0c62995e89c7b6382659ce94fc6',112,8,1),(113,90438,892694,0,7020,13,61020,'{\"metodo\": \"pago_exitoso\", \"timestamp\": \"2025-07-12 00:55:50.000000\", \"confirmado\": true}','Cliente-7226',NULL,'2025-07-12 00:55:50','643c6ed334a93b989d6bebbf105430b6475c3c3aa2ad0e556275e269f0245a5c',113,6,2),(114,38189,501154,0,8580,13,74580,'{\"metodo\": \"pago_exitoso\", \"timestamp\": \"2025-07-18 00:38:50.000000\", \"confirmado\": true}','Cliente-2890',NULL,'2025-07-18 00:38:50','78f1af166497a4dd31be57a85bb711555eff018dc079c208288993e487f5a5df',114,8,1),(115,76840,237280,0,1560,13,13560,'{\"metodo\": \"pago_exitoso\", \"timestamp\": \"2025-07-29 09:04:50.000000\", \"confirmado\": true}','Cliente-5347',NULL,'2025-07-29 09:04:50','25ee8df1e87f857f46820a1b709b4919eaa695974fee01f5aacba3dc9298e244',115,6,1),(116,99510,601505,0,13650,13,118650,'{\"metodo\": \"pago_exitoso\", \"timestamp\": \"2025-07-27 12:40:50.000000\", \"confirmado\": true}','Cliente-8024',NULL,'2025-07-27 12:40:50','ae8ffb5f5742dd7d4963d44bb37e59854fa159bcb8ec9f85b3f255b67567d7ee',116,6,3),(117,37699,779176,0,416,13,3616,'{\"metodo\": \"pago_exitoso\", \"timestamp\": \"2025-07-22 08:53:50.000000\", \"confirmado\": true}','Cliente-8498',NULL,'2025-07-22 08:53:50','ddab922a831cd239eb929b075cc09429a43fc43fdddde607e7e81be949ce8d21',117,7,2),(118,22838,910980,0,1300,13,11300,'{\"metodo\": \"pago_exitoso\", \"timestamp\": \"2025-07-18 11:37:50.000000\", \"confirmado\": true}','Cliente-0775',NULL,'2025-07-18 11:37:50','e2789bb5ef481843c5bb3ef92a2910ab73ab59d8b173ba74718cff33c439507f',118,8,2),(119,50049,488827,0,7800,13,67800,'{\"metodo\": \"pago_exitoso\", \"timestamp\": \"2025-07-07 10:11:50.000000\", \"confirmado\": true}','Cliente-8251',NULL,'2025-07-07 10:11:50','5e0d86f31236cf0b09c1aeffcfc80f5f48d835e7b45fce5fd40a8667052aaab2',119,8,2),(120,71764,557379,0,11440,13,99440,'{\"metodo\": \"pago_exitoso\", \"timestamp\": \"2025-07-23 02:50:50.000000\", \"confirmado\": true}','Cliente-4822',NULL,'2025-07-23 02:50:50','9224565504feb16d680e6ab6cdee966b093a18071556f2227b61a516aaf39c54',120,8,2),(121,19302,668516,0,3120,13,27120,'{\"metodo\": \"pago_exitoso\", \"timestamp\": \"2025-07-22 00:14:50.000000\", \"confirmado\": true}','Cliente-8483',NULL,'2025-07-22 00:14:50','bf4c8cee828f1824024c3058001cd9d25297915aa1afc31234d25d9431ddf582',121,8,3),(122,51435,954720,0,1248,13,10848,'{\"metodo\": \"pago_exitoso\", \"timestamp\": \"2025-07-05 13:10:50.000000\", \"confirmado\": true}','Cliente-3673',NULL,'2025-07-05 13:10:50','c398b7b2503ab85481849932db378d1440a59aa292606855c4132f3ed7abab7e',122,7,3),(123,18353,723723,0,1560,13,13560,'{\"metodo\": \"pago_exitoso\", \"timestamp\": \"2025-07-17 01:50:50.000000\", \"confirmado\": true}','Cliente-1867',NULL,'2025-07-17 01:50:50','29702b38b453c975a369938e9660ed88a44093321dcf5c0b58e185580cad47c7',123,8,3),(124,92604,866392,0,11440,13,99440,'{\"metodo\": \"pago_exitoso\", \"timestamp\": \"2025-07-08 03:39:50.000000\", \"confirmado\": true}','Cliente-5043',NULL,'2025-07-08 03:39:50','48ef81543e44613ead7e0505169601b2e5611b0f3a4d208a272636c11c758f8d',124,8,2),(125,33188,343697,0,975,13,8475,'{\"metodo\": \"pago_exitoso\", \"timestamp\": \"2025-07-17 09:35:50.000000\", \"confirmado\": true}','Cliente-5809',NULL,'2025-07-17 09:35:50','baf167e6b632ea5191fbc2bd201cd7421e74f22628a79f9cd75620a1051468f2',125,8,1),(126,64218,339062,0,1560,13,13560,'{\"metodo\": \"pago_exitoso\", \"timestamp\": \"2025-07-21 02:33:50.000000\", \"confirmado\": true}','Cliente-5208',NULL,'2025-07-21 02:33:50','993c65f2fab2a91c5687622508235bbec1d3827c55b0d52f699becf2c3dd3a4d',126,6,1),(127,56993,669601,0,1560,13,13560,'{\"metodo\": \"pago_exitoso\", \"timestamp\": \"2025-07-24 10:42:50.000000\", \"confirmado\": true}','Cliente-5980',NULL,'2025-07-24 10:42:50','1a09c3a2357f9a1773b0a752c1c377664be79b3d94f6ad120c6f4dc9dc15da59',127,8,1),(128,64592,747180,0,1560,13,13560,'{\"metodo\": \"pago_exitoso\", \"timestamp\": \"2025-07-27 12:58:50.000000\", \"confirmado\": true}','Cliente-7757',NULL,'2025-07-27 12:58:50','19b9044b614cc87e328f6ed40a69c32e433a773961bdc763fef1e0a56dd89d14',128,6,1),(129,93349,871001,0,325,13,2825,'{\"metodo\": \"pago_exitoso\", \"timestamp\": \"2025-07-24 13:40:50.000000\", \"confirmado\": true}','Cliente-5050',NULL,'2025-07-24 13:40:50','2a95a8de1c2fe63b59a51994138a149e55b57f0a996d0b6fd0fffc8a59c47ea8',129,8,2),(130,71409,468260,0,650,13,5650,'{\"metodo\": \"pago_exitoso\", \"timestamp\": \"2025-07-21 10:26:50.000000\", \"confirmado\": true}','Cliente-9989',NULL,'2025-07-21 10:26:50','96cc2f96445dbf0cf060cc13ea3c6df8dcc91cbe95a9364af750bff307aad6ce',130,8,1),(131,40630,141049,0,6240,13,54240,'{\"metodo\": \"pago_exitoso\", \"timestamp\": \"2025-07-05 00:15:50.000000\", \"confirmado\": true}','Cliente-2071',NULL,'2025-07-05 00:15:50','253d42db7f76256a38069a7479b6c9e46219aac6d2bdf1564b61021afcab4545',131,8,1),(132,70245,170285,0,4680,13,40680,'{\"metodo\": \"pago_exitoso\", \"timestamp\": \"2025-07-13 06:09:50.000000\", \"confirmado\": true}','Cliente-3823',NULL,'2025-07-13 06:09:50','6f4ace002c0103051c805c12cdce16afa826451aad7912834f0cf4bad8d1bff8',132,8,2),(133,28702,980322,0,325,13,2825,'{\"metodo\": \"pago_exitoso\", \"timestamp\": \"2025-07-31 00:44:50.000000\", \"confirmado\": true}','Cliente-2673',NULL,'2025-07-31 00:44:50','52bd9c9118e5b1ea51d8fe6f224ebd7622e62d2658ae6622beea82fd0e128d6d',133,8,3),(134,96197,525250,0,728,13,6328,'{\"metodo\": \"pago_exitoso\", \"timestamp\": \"2025-07-17 02:25:50.000000\", \"confirmado\": true}','Cliente-4893',NULL,'2025-07-17 02:25:50','96bfde42e1141a380e615b6a69a7e28b77298f8af467851b070c426f69f46b55',134,7,2),(135,21523,178578,0,1560,13,13560,'{\"metodo\": \"pago_exitoso\", \"timestamp\": \"2025-07-20 04:23:50.000000\", \"confirmado\": true}','Cliente-0525',NULL,'2025-07-20 04:23:50','7a0f749c25eb9ab32b1fee3257b74cd1e588b7b35c0fe3403314efe647435c0b',135,6,3),(136,83186,727525,0,2340,13,20340,'{\"metodo\": \"pago_exitoso\", \"timestamp\": \"2025-07-17 02:03:50.000000\", \"confirmado\": true}','Cliente-0467',NULL,'2025-07-17 02:03:50','e871a6e14c10d9f45c60aedea3e372f56c9876219cc73c075aebfacc8b159846',136,6,3),(137,13545,852715,0,9100,13,79100,'{\"metodo\": \"pago_exitoso\", \"timestamp\": \"2025-07-22 08:05:50.000000\", \"confirmado\": true}','Cliente-0636',NULL,'2025-07-22 08:05:50','42db374acb5fd0eafb47f1e795ecdbbcac84f8949c2c321a1746f053a6940a8f',137,6,2),(138,14467,991129,0,6240,13,54240,'{\"metodo\": \"pago_exitoso\", \"timestamp\": \"2025-07-14 09:34:50.000000\", \"confirmado\": true}','Cliente-8018',NULL,'2025-07-14 09:34:50','85581a9b1a7395787e48be9aaa834158ea6d51f53a19f712807d05af24dbfb92',138,8,3),(139,35751,886720,0,4680,13,40680,'{\"metodo\": \"pago_exitoso\", \"timestamp\": \"2025-07-11 04:13:50.000000\", \"confirmado\": true}','Cliente-5123',NULL,'2025-07-11 04:13:50','b2935feb188210887bb1ec53d55f4f773ab10602b38b9d595bdb27d85cf05336',139,6,1),(140,86944,310624,0,7800,13,67800,'{\"metodo\": \"pago_exitoso\", \"timestamp\": \"2025-07-21 01:11:50.000000\", \"confirmado\": true}','Cliente-6053',NULL,'2025-07-21 01:11:50','5a1ba27882f9d206212b9875e7d9e0b0fccf652cfdd8c7ebbba2b2c956e97dcb',140,8,3),(141,29567,273452,0,2340,13,20340,'{\"metodo\": \"pago_exitoso\", \"timestamp\": \"2025-07-07 03:32:50.000000\", \"confirmado\": true}','Cliente-3114',NULL,'2025-07-07 03:32:50','e0fc1ecb29cf7ef2f1d2c7126b5718d519277a97a4bde12308d16c97e78f6ddd',141,6,3),(142,45169,952296,0,6240,13,54240,'{\"metodo\": \"pago_exitoso\", \"timestamp\": \"2025-07-21 07:32:50.000000\", \"confirmado\": true}','Cliente-5627',NULL,'2025-07-21 07:32:50','61c18df749e93f28d530d121931725b6d562e77ea7f0b00274556678ee0661a9',142,8,1),(143,60280,449245,0,7800,13,67800,'{\"metodo\": \"pago_exitoso\", \"timestamp\": \"2025-07-26 04:03:50.000000\", \"confirmado\": true}','Cliente-2643',NULL,'2025-07-26 04:03:50','ecdf97e9ae29f60ce826458defda6d73342104cbdabb1e4af6ed856fd4232436',143,8,1),(144,28333,333806,0,4680,13,40680,'{\"metodo\": \"pago_exitoso\", \"timestamp\": \"2025-07-19 12:08:50.000000\", \"confirmado\": true}','Cliente-6878',NULL,'2025-07-19 12:08:50','11127e20b0573a480757d41c2ad4a6adeec12a96333cd4e3013e3e488ed03ef4',144,6,3),(145,79046,246522,0,208,13,1808,'{\"metodo\": \"pago_exitoso\", \"timestamp\": \"2025-07-25 11:07:50.000000\", \"confirmado\": true}','Cliente-5125',NULL,'2025-07-25 11:07:50','db17ecd84dcea113fdd0366f2c5f5e72527c1b2afd62e38c7e2bb898bd3ee09d',145,7,1),(146,76105,917527,0,7020,13,61020,'{\"metodo\": \"pago_exitoso\", \"timestamp\": \"2025-07-28 02:18:50.000000\", \"confirmado\": true}','Cliente-3383',NULL,'2025-07-28 02:18:50','b72f7884714b4809a04686d0458980fb4009ff30f2dfb1dd838eee1710f1331b',146,6,3),(147,62553,698297,0,1560,13,13560,'{\"metodo\": \"pago_exitoso\", \"timestamp\": \"2025-07-19 12:56:50.000000\", \"confirmado\": true}','Cliente-5721',NULL,'2025-07-19 12:56:50','1e3651400be45fe6830cc0441935b49088560a5a287af7db778c5071bac05954',147,8,1),(148,13795,783799,0,5720,13,49720,'{\"metodo\": \"pago_exitoso\", \"timestamp\": \"2025-07-18 03:34:50.000000\", \"confirmado\": true}','Cliente-6724',NULL,'2025-07-18 03:34:50','ef8447310624cb2e5a79ac65d5c9af0814a97903891c124aa46e01e84645b8eb',148,8,1),(149,13521,976997,0,5850,13,50850,'{\"metodo\": \"pago_exitoso\", \"timestamp\": \"2025-07-20 01:14:50.000000\", \"confirmado\": true}','Cliente-7548',NULL,'2025-07-20 01:14:50','5e7638b85d57ef304d9e062bbe252ea6c0500b2ab95a057cc4f1bddfa5a87d1c',149,6,3),(150,39402,211789,0,3120,13,27120,'{\"metodo\": \"pago_exitoso\", \"timestamp\": \"2025-08-02 12:17:50.000000\", \"confirmado\": true}','Cliente-6409',NULL,'2025-08-02 12:17:50','36ce14af85673045564a944bc787752ded547ad54998539a74e267fe520b701d',150,8,3),(151,50546,888637,0,975,13,8475,'{\"metodo\": \"pago_exitoso\", \"timestamp\": \"2025-07-11 09:11:51.000000\", \"confirmado\": true}','Cliente-0298',NULL,'2025-07-11 09:11:51','4aa4b80da6735f4375ff483987b7e71ed1470ea67aaba0960ed8297e2f288d5f',151,8,3),(152,93513,529254,0,2080,13,18080,'{\"metodo\": \"pago_exitoso\", \"timestamp\": \"2025-07-20 03:53:51.000000\", \"confirmado\": true}','Cliente-6010',NULL,'2025-07-20 03:53:51','5959543533525d9839ad2a3cc2db8f82045a6f55bc7feb634e0bc6a52ae3b575',152,7,3),(153,30577,899562,0,780,13,6780,'{\"metodo\": \"pago_exitoso\", \"timestamp\": \"2025-07-08 06:50:51.000000\", \"confirmado\": true}','Cliente-7561',NULL,'2025-07-08 06:50:51','746d0e323ca4e05060672fe7a1146a7193171177799d71d2eb1b3568960b3a33',153,7,3),(154,69408,829344,0,1950,13,16950,'{\"metodo\": \"pago_exitoso\", \"timestamp\": \"2025-08-01 09:10:51.000000\", \"confirmado\": true}','Cliente-0717',NULL,'2025-08-01 09:10:51','9051ea4398982e4b52cc6ed616edb8387c3d991d297fe8097bedfa2d6116abea',154,6,3),(155,45724,790713,0,780,13,6780,'{\"metodo\": \"pago_exitoso\", \"timestamp\": \"2025-07-23 10:39:51.000000\", \"confirmado\": true}','Cliente-6465',NULL,'2025-07-23 10:39:51','c05f2fd60a5503aff291edae6e9d7c9df06544a31e5738b7b314e23dc0fb81d1',155,8,1),(156,13214,275166,0,11440,13,99440,'{\"metodo\": \"pago_exitoso\", \"timestamp\": \"2025-07-13 01:32:51.000000\", \"confirmado\": true}','Cliente-8660',NULL,'2025-07-13 01:32:51','f0051dff8657b40045a6eb9ade8c23f7bb07a1bb5fa7fbec5f85028db4fc3452',156,8,1),(157,66639,560865,0,3900,13,33900,'{\"metodo\": \"pago_exitoso\", \"timestamp\": \"2025-07-12 04:35:51.000000\", \"confirmado\": true}','Cliente-6724',NULL,'2025-07-12 04:35:51','81e72a898a89991e3d15851c3c4e98c020f397963e332882eb88a4339f06708e',157,8,3),(158,35945,820087,0,1950,13,16950,'{\"metodo\": \"pago_exitoso\", \"timestamp\": \"2025-08-01 00:09:51.000000\", \"confirmado\": true}','Cliente-1357',NULL,'2025-08-01 00:09:51','09e75b4c400e52456e6a495e073f55fdbd07fb0cb539c8c8ed4a20b8bebc4de0',158,8,2),(159,70829,787981,0,2340,13,20340,'{\"metodo\": \"pago_exitoso\", \"timestamp\": \"2025-07-20 13:34:51.000000\", \"confirmado\": true}','Cliente-7944',NULL,'2025-07-20 13:34:51','24dbb95d9f2adea7f392814276aa009baa1dbaa409073dd0f43729fc299a5b8a',159,6,3),(160,88286,377955,0,1950,13,16950,'{\"metodo\": \"pago_exitoso\", \"timestamp\": \"2025-07-31 04:24:51.000000\", \"confirmado\": true}','Cliente-9346',NULL,'2025-07-31 04:24:51','d57886ff014d0a99e04bc35941ad7e568016f48f311ef4a1f8b7bc5e08137bd0',160,8,1),(161,92103,494666,0,3120,13,27120,'{\"metodo\": \"pago_exitoso\", \"timestamp\": \"2025-07-26 00:26:51.000000\", \"confirmado\": true}','Cliente-4558',NULL,'2025-07-26 00:26:51','2a9092223b5c5749b8dd9e1d5f9e17c56808e6b440f7ca05785f5546d55be26f',161,8,1),(162,77582,796100,0,416,13,3616,'{\"metodo\": \"pago_exitoso\", \"timestamp\": \"2025-06-28 06:57:51.000000\", \"confirmado\": true}','Cliente-6145',NULL,'2025-06-28 06:57:51','11963c613ad6b81ee2b3829ce99b5b4fcf03dde74db5292233171a4f1bd0fd47',162,7,1),(163,27882,294058,0,3120,13,27120,'{\"metodo\": \"pago_exitoso\", \"timestamp\": \"2025-06-07 06:35:51.000000\", \"confirmado\": true}','Cliente-4820',NULL,'2025-06-07 06:35:51','b204fe986c2fbceff11021be8897662f9ebdd874834186581c9f0a60f449afd5',163,8,2),(164,67682,471750,0,975,13,8475,'{\"metodo\": \"pago_exitoso\", \"timestamp\": \"2025-06-13 10:47:51.000000\", \"confirmado\": true}','Cliente-1426',NULL,'2025-06-13 10:47:51','b479dc7ce7eb68be902ced077038bc7888b91ca6ad40960cf193ee951922992f',164,8,2),(165,77975,441820,0,390,13,3390,'{\"metodo\": \"pago_exitoso\", \"timestamp\": \"2025-06-16 00:31:51.000000\", \"confirmado\": true}','Cliente-6331',NULL,'2025-06-16 00:31:51','3f13e66c7b7ae3e14ec9fe9c2ed32197b65bc3a719c7861b800acede2538cc78',165,7,2),(166,48253,673921,0,1950,13,16950,'{\"metodo\": \"pago_exitoso\", \"timestamp\": \"2025-06-12 04:34:51.000000\", \"confirmado\": true}','Cliente-9133',NULL,'2025-06-12 04:34:51','68b19ad8f8dc408a032a9d01a0fc7a62e147ce61aefe30dfce566a5a61a19ced',166,6,3),(167,12553,601646,0,1560,13,13560,'{\"metodo\": \"pago_exitoso\", \"timestamp\": \"2025-06-09 00:39:51.000000\", \"confirmado\": true}','Cliente-7018',NULL,'2025-06-09 00:39:51','893cafbe3e54df8122a211bc215c9f9f68fac5db5c8e7acbf4bc92998e501264',167,7,1),(168,46037,854104,0,7800,13,67800,'{\"metodo\": \"pago_exitoso\", \"timestamp\": \"2025-06-28 03:50:51.000000\", \"confirmado\": true}','Cliente-9882',NULL,'2025-06-28 03:50:51','01122bd7ee6e59911db564dd6424e3c1be38877e8dfcc371ff4127dc3f5a3f48',168,8,2),(169,45513,117271,0,780,13,6780,'{\"metodo\": \"pago_exitoso\", \"timestamp\": \"2025-06-22 02:37:51.000000\", \"confirmado\": true}','Cliente-9121',NULL,'2025-06-22 02:37:51','6e5ab3d2281556c5167798143860da45673392e7d269e220ca163ee467db2141',169,7,2),(170,33734,222623,0,312,13,2712,'{\"metodo\": \"pago_exitoso\", \"timestamp\": \"2025-06-15 11:28:51.000000\", \"confirmado\": true}','Cliente-8900',NULL,'2025-06-15 11:28:51','e1015d498bb34a6192c98e36747fbff9a8bf75b2ed83db758efe6a9d49d4ceb0',170,7,3),(171,27827,800533,0,9100,13,79100,'{\"metodo\": \"pago_exitoso\", \"timestamp\": \"2025-06-27 05:10:51.000000\", \"confirmado\": true}','Cliente-2976',NULL,'2025-06-27 05:10:51','04b759e53f2cf4215fb6a5653f727c23d8b60c3aa1dd090829ae22761e85a63e',171,6,3),(172,40922,254799,0,7020,13,61020,'{\"metodo\": \"pago_exitoso\", \"timestamp\": \"2025-06-07 09:51:51.000000\", \"confirmado\": true}','Cliente-8292',NULL,'2025-06-07 09:51:51','d1915c4127d8e1612a93442bc90a8acf235263748872f194c3ed979fe7fc6a3e',172,6,1),(173,87682,506568,0,312,13,2712,'{\"metodo\": \"pago_exitoso\", \"timestamp\": \"2025-06-29 05:38:51.000000\", \"confirmado\": true}','Cliente-6693',NULL,'2025-06-29 05:38:51','42dc9504004fc2cd14056fb45ba5e44e26de96f1da6f88b29f48d2cf6790c1d8',173,7,3),(174,93190,839145,0,6240,13,54240,'{\"metodo\": \"pago_exitoso\", \"timestamp\": \"2025-07-03 09:28:51.000000\", \"confirmado\": true}','Cliente-3334',NULL,'2025-07-03 09:28:51','a9dd267670ce9c2caddc49093dc862211dcfb460b7ce425e6f22e8be60d31b8c',174,8,1),(175,69720,837105,0,6500,13,56500,'{\"metodo\": \"pago_exitoso\", \"timestamp\": \"2025-06-25 00:10:51.000000\", \"confirmado\": true}','Cliente-1044',NULL,'2025-06-25 00:10:51','3547000ad5430eba994d34460921341b48dac96a72182d83b75d5e73361fafbe',175,6,3),(176,61413,825902,0,9750,13,84750,'{\"metodo\": \"pago_exitoso\", \"timestamp\": \"2025-06-26 10:50:51.000000\", \"confirmado\": true}','Cliente-3190',NULL,'2025-06-26 10:50:51','271a3489ef0bf52d646dfec1793750be84026433534d5bdc9883d3f72c41f6b4',176,6,1),(177,40281,930707,0,2340,13,20340,'{\"metodo\": \"pago_exitoso\", \"timestamp\": \"2025-06-15 11:12:51.000000\", \"confirmado\": true}','Cliente-6057',NULL,'2025-06-15 11:12:51','a6049af998b0ab55664442e4b1a364c509bbcb304322f19305270851eff823bc',177,6,2),(178,45530,846061,0,9100,13,79100,'{\"metodo\": \"pago_exitoso\", \"timestamp\": \"2025-06-14 06:17:51.000000\", \"confirmado\": true}','Cliente-9604',NULL,'2025-06-14 06:17:51','1e01e237d211a69757294ce2a14246033104c2cb44b2586b0a6ee9bad7989da2',178,6,1),(179,78644,571504,0,3120,13,27120,'{\"metodo\": \"pago_exitoso\", \"timestamp\": \"2025-06-16 03:34:51.000000\", \"confirmado\": true}','Cliente-3313',NULL,'2025-06-16 03:34:51','e3ea8e20995911ff55909b6e420d50680e156cf8fae100e21c519e68e76cdd71',179,6,1),(180,19127,862033,0,13650,13,118650,'{\"metodo\": \"pago_exitoso\", \"timestamp\": \"2025-06-28 04:53:51.000000\", \"confirmado\": true}','Cliente-9292',NULL,'2025-06-28 04:53:51','1802251956f251f307339cda6fae38b56a2632f2d061b119ac27ba5084944fc0',180,6,2),(181,31783,305650,0,3120,13,27120,'{\"metodo\": \"pago_exitoso\", \"timestamp\": \"2025-06-11 08:41:51.000000\", \"confirmado\": true}','Cliente-4164',NULL,'2025-06-11 08:41:51','9210d3829eb7e199dd88afca9a5e345e291e08fe528dff8f715a5e5ad0126f32',181,6,2),(182,97264,455510,0,312,13,2712,'{\"metodo\": \"pago_exitoso\", \"timestamp\": \"2025-06-28 06:55:51.000000\", \"confirmado\": true}','Cliente-0663',NULL,'2025-06-28 06:55:51','f7beec331fa8e7f7bd600a41a154ce8e17cefe0039331a4404328008b30f7a8b',182,7,1),(183,42562,992841,0,4550,13,39550,'{\"metodo\": \"pago_exitoso\", \"timestamp\": \"2025-06-18 12:59:51.000000\", \"confirmado\": true}','Cliente-8748',NULL,'2025-06-18 12:59:51','edf85e76c97900a7ba5b941fc2b74b09fb5f84d43a9c7daeda52e7df88770c65',183,6,1),(184,43140,567600,0,624,13,5424,'{\"metodo\": \"pago_exitoso\", \"timestamp\": \"2025-07-02 05:56:51.000000\", \"confirmado\": true}','Cliente-4931',NULL,'2025-07-02 05:56:51','d4f467af8953b8691bdb43d914778dad070fb18f1580d5db3aced8ff8da8e577',184,7,2),(185,42152,627068,0,5850,13,50850,'{\"metodo\": \"pago_exitoso\", \"timestamp\": \"2025-06-16 04:52:51.000000\", \"confirmado\": true}','Cliente-8564',NULL,'2025-06-16 04:52:51','47459616df7b82ab0084b18ca5a479d8337ddff5d617eb973f70f7fcc5784e94',185,8,2),(186,11795,637967,0,936,13,8136,'{\"metodo\": \"pago_exitoso\", \"timestamp\": \"2025-06-23 09:23:51.000000\", \"confirmado\": true}','Cliente-9288',NULL,'2025-06-23 09:23:51','c62c794b89bd4b2fab3c10cde8121679e75784c26c0448ec2fd5b3685453fa44',186,7,3),(187,18895,414368,0,1560,13,13560,'{\"metodo\": \"pago_exitoso\", \"timestamp\": \"2025-06-17 05:10:51.000000\", \"confirmado\": true}','Cliente-4500',NULL,'2025-06-17 05:10:51','9bfad713676255d38f77a664eb35d45af6167b7a3dc53415278e46b195517942',187,8,3),(188,45454,545374,0,4680,13,40680,'{\"metodo\": \"pago_exitoso\", \"timestamp\": \"2025-06-19 05:28:51.000000\", \"confirmado\": true}','Cliente-2925',NULL,'2025-06-19 05:28:51','fde14a35e15a1e9184104a8b119364883ed6c393f6ddcac72dcedd2ec5ec58e3',188,6,1),(189,91649,355539,0,1950,13,16950,'{\"metodo\": \"pago_exitoso\", \"timestamp\": \"2025-06-16 08:11:51.000000\", \"confirmado\": true}','Cliente-6980',NULL,'2025-06-16 08:11:51','6ecb7a0407c122d733b032c31a2fcaf2b4f4402994c620beba99f2b2d6bb60fb',189,8,1),(190,46857,490006,0,780,13,6780,'{\"metodo\": \"pago_exitoso\", \"timestamp\": \"2025-06-17 01:45:51.000000\", \"confirmado\": true}','Cliente-9381',NULL,'2025-06-17 01:45:51','33aea2012ee6225d86c7aa0dedb7e5f841247b0ca331c3fd194cd4b887f28f93',190,7,2),(191,61827,678317,0,780,13,6780,'{\"metodo\": \"pago_exitoso\", \"timestamp\": \"2025-06-28 05:23:51.000000\", \"confirmado\": true}','Cliente-4853',NULL,'2025-06-28 05:23:51','bad43d2329b9838031f17e32a459d1f3b78c630fd0f51faf807c6fa230fa113c',191,7,3),(192,27861,791103,0,936,13,8136,'{\"metodo\": \"pago_exitoso\", \"timestamp\": \"2025-06-23 09:17:51.000000\", \"confirmado\": true}','Cliente-2441',NULL,'2025-06-23 09:17:51','ee5c6ca1375198cab6422d83341926e2750bd5d982eee3615e2ac6bb961d4af7',192,7,2),(193,27042,842248,0,4680,13,40680,'{\"metodo\": \"pago_exitoso\", \"timestamp\": \"2025-06-04 05:53:51.000000\", \"confirmado\": true}','Cliente-5555',NULL,'2025-06-04 05:53:51','6567826ec99cc5a76345a513f392116d4960053e780be08a2e496ff829f4c08b',193,8,2),(194,92025,742264,0,4680,13,40680,'{\"metodo\": \"pago_exitoso\", \"timestamp\": \"2025-06-29 10:23:51.000000\", \"confirmado\": true}','Cliente-8339',NULL,'2025-06-29 10:23:51','fa9cda768f6dbdf1cc8b6c9bb332abb4670113ce024498c8a835e0d77390d962',194,6,2),(195,58873,151198,0,1560,13,13560,'{\"metodo\": \"pago_exitoso\", \"timestamp\": \"2025-06-13 01:31:51.000000\", \"confirmado\": true}','Cliente-6553',NULL,'2025-06-13 01:31:51','2623cfd5819b173028a937367c3d5674d88f1febefc847772e841a98d9420552',195,6,1),(196,39159,730301,0,9100,13,79100,'{\"metodo\": \"pago_exitoso\", \"timestamp\": \"2025-06-09 07:24:51.000000\", \"confirmado\": true}','Cliente-5297',NULL,'2025-06-09 07:24:51','bf4cf737995fb55bf9490b07d6525a66bedc11f0861e3c3bee91bc6b1c77741d',196,6,1),(197,82037,691377,0,156,13,1356,'{\"metodo\": \"pago_exitoso\", \"timestamp\": \"2025-07-02 13:35:51.000000\", \"confirmado\": true}','Cliente-8842',NULL,'2025-07-02 13:35:51','9b566d1399562629bd0481ffa754faf26bb485cf190e2978dfe2d7db57b09516',197,7,1),(198,30722,568509,0,1560,13,13560,'{\"metodo\": \"pago_exitoso\", \"timestamp\": \"2025-06-22 13:36:51.000000\", \"confirmado\": true}','Cliente-9120',NULL,'2025-06-22 13:36:51','e92b1b0601f3f03b1b7ab69bf2ddb6f5781a3141a046859b3eb519ce6f1de832',198,7,1),(199,25405,443058,0,650,13,5650,'{\"metodo\": \"pago_exitoso\", \"timestamp\": \"2025-06-13 07:32:51.000000\", \"confirmado\": true}','Cliente-3924',NULL,'2025-06-13 07:32:51','bea8958006e6449b608c16761bbaa1e781fa037e49a23ab6933c1ffd6d8c00ee',199,8,1),(200,71291,589307,0,1560,13,13560,'{\"metodo\": \"pago_exitoso\", \"timestamp\": \"2025-06-08 11:42:51.000000\", \"confirmado\": true}','Cliente-6753',NULL,'2025-06-08 11:42:51','a5f4daf64d560292e9b44429a46a71310a8626b03a5461b3bb8405b2aeaa6d19',200,8,3),(201,14185,491768,0,5720,13,49720,'{\"metodo\": \"pago_exitoso\", \"timestamp\": \"2025-06-25 07:45:52.000000\", \"confirmado\": true}','Cliente-0370',NULL,'2025-06-25 07:45:52','7ac43ada665999b2e13df009445d5919c90a9cc5d259877fbda534ec1f26e8c5',201,8,1),(202,27936,699395,0,1300,13,11300,'{\"metodo\": \"pago_exitoso\", \"timestamp\": \"2025-07-02 13:40:52.000000\", \"confirmado\": true}','Cliente-7321',NULL,'2025-07-02 13:40:52','4d9c964f5db086d8f211cdc911d1242f92007ce8d7aee3ace176b642908b2736',202,8,2),(203,26533,914322,0,780,13,6780,'{\"metodo\": \"pago_exitoso\", \"timestamp\": \"2025-06-15 04:43:52.000000\", \"confirmado\": true}','Cliente-9729',NULL,'2025-06-15 04:43:52','66083e8b55ad04a5e493b8c548d3f2c1df77998c45ceb2905f131c929a3607f8',203,7,3),(204,94508,224025,0,7020,13,61020,'{\"metodo\": \"pago_exitoso\", \"timestamp\": \"2025-07-02 01:27:52.000000\", \"confirmado\": true}','Cliente-8720',NULL,'2025-07-02 01:27:52','fce16faa309b109d91a8b66af3cbeefb1c1537ace6a32db670cd2dec862c3dfb',204,6,3),(205,25560,224764,0,7800,13,67800,'{\"metodo\": \"pago_exitoso\", \"timestamp\": \"2025-06-21 10:34:52.000000\", \"confirmado\": true}','Cliente-1745',NULL,'2025-06-21 10:34:52','1a7787cb5c8acd82db26bba800dec0c4e5ef5ad358fc42b2e4359649b097a919',205,8,2),(206,19102,185880,0,312,13,2712,'{\"metodo\": \"pago_exitoso\", \"timestamp\": \"2025-06-08 13:12:52.000000\", \"confirmado\": true}','Cliente-1737',NULL,'2025-06-08 13:12:52','09dfd050a858d15eda38357ef1a2dd3ee5399c1153e0d38f28393bd5a84b29ce',206,7,1),(207,28292,517349,0,208,13,1808,'{\"metodo\": \"pago_exitoso\", \"timestamp\": \"2025-06-08 08:28:52.000000\", \"confirmado\": true}','Cliente-7088',NULL,'2025-06-08 08:28:52','06c8e0980df50a65a56c50870af5c5d26ea305ac4d7b0ce1e1a2d6ed4b95fd98',207,7,2),(208,99288,507686,0,4680,13,40680,'{\"metodo\": \"pago_exitoso\", \"timestamp\": \"2025-06-11 08:44:52.000000\", \"confirmado\": true}','Cliente-2887',NULL,'2025-06-11 08:44:52','90034ce36f2f09b0c62b8e2fdbeed82e00c79bd8fda44d68ce6864cd03987454',208,6,3),(209,82558,301178,0,9100,13,79100,'{\"metodo\": \"pago_exitoso\", \"timestamp\": \"2025-06-05 02:11:52.000000\", \"confirmado\": true}','Cliente-6990',NULL,'2025-06-05 02:11:52','aa7a9e85c43baedaf8c8c5b0ba2b0e987766bf9431bfb5f8d37867e44e2b27e7',209,6,1),(210,15326,400784,0,5850,13,50850,'{\"metodo\": \"pago_exitoso\", \"timestamp\": \"2025-06-27 00:37:52.000000\", \"confirmado\": true}','Cliente-4935',NULL,'2025-06-27 00:37:52','00fa00649dcee170db855bb90ac2e69b0feb03cf0275d39eb26c86ea4e5c0eb2',210,8,3),(211,21446,616586,0,910,13,7910,'{\"metodo\": \"pago_exitoso\", \"timestamp\": \"2025-06-16 06:33:52.000000\", \"confirmado\": true}','Cliente-4884',NULL,'2025-06-16 06:33:52','d1ca07342021733e859ca53310d4429ef0d98b8d6e1f8383acafcd8c8d1218e8',211,7,2),(212,81040,308463,0,5850,13,50850,'{\"metodo\": \"pago_exitoso\", \"timestamp\": \"2025-06-29 03:48:52.000000\", \"confirmado\": true}','Cliente-7901',NULL,'2025-06-29 03:48:52','e069253fa1d8c5085b121a7259a747c8e5e45d87de85bd9d814a31648ccdfd4a',212,8,1),(213,30302,729064,0,7020,13,61020,'{\"metodo\": \"pago_exitoso\", \"timestamp\": \"2025-06-29 05:36:52.000000\", \"confirmado\": true}','Cliente-8180',NULL,'2025-06-29 05:36:52','bd4854b0e0b52755641e900240f36de4632bda16144881480dd424be027d1d63',213,6,3),(214,85193,294378,0,1170,13,10170,'{\"metodo\": \"pago_exitoso\", \"timestamp\": \"2025-06-22 02:42:52.000000\", \"confirmado\": true}','Cliente-5734',NULL,'2025-06-22 02:42:52','60bbbf82963aabe841a06e9e5dff0187b3390ffc9fba03243c894e4b2305b9b1',214,8,3),(215,20440,585095,0,1950,13,16950,'{\"metodo\": \"pago_exitoso\", \"timestamp\": \"2025-06-04 03:13:52.000000\", \"confirmado\": true}','Cliente-3470',NULL,'2025-06-04 03:13:52','4bd96c74fda6550729155e7c17a35a556d6163ce45250a9d0431026dd5e30283',215,6,2),(216,81667,114885,0,9100,13,79100,'{\"metodo\": \"pago_exitoso\", \"timestamp\": \"2025-06-25 03:30:52.000000\", \"confirmado\": true}','Cliente-6938',NULL,'2025-06-25 03:30:52','b4384f93b8314e3b65a03bfaaba1fed0bee7240dd549195ff4c2c6fa6fe0e375',216,6,2),(217,52438,778636,0,1092,13,9492,'{\"metodo\": \"pago_exitoso\", \"timestamp\": \"2025-07-02 10:37:52.000000\", \"confirmado\": true}','Cliente-3556',NULL,'2025-07-02 10:37:52','bb274dcfb0af63bd397c34aae2296ea6f0399f0febacd70582ad542d5dd0b810',217,7,3),(218,78122,298374,0,260,13,2260,'{\"metodo\": \"pago_exitoso\", \"timestamp\": \"2025-06-18 08:24:52.000000\", \"confirmado\": true}','Cliente-8313',NULL,'2025-06-18 08:24:52','5125a561d7539af3030d6f17e1b7083060e4672f39622a952ee997a98e41504f',218,7,1),(219,30493,992206,0,520,13,4520,'{\"metodo\": \"pago_exitoso\", \"timestamp\": \"2025-06-28 09:53:52.000000\", \"confirmado\": true}','Cliente-2736',NULL,'2025-06-28 09:53:52','43472e8a7784ebb853127159af4eb92cebd6fc7664c2e63c1ae8f6e438112e8d',219,7,2),(220,24042,457082,0,780,13,6780,'{\"metodo\": \"pago_exitoso\", \"timestamp\": \"2025-06-23 01:30:52.000000\", \"confirmado\": true}','Cliente-5157',NULL,'2025-06-23 01:30:52','c439ac20cafc4a184ed11c1dd4d26b78eddcc1fdbe8e8e7fc44371807d71a25c',220,7,1),(221,76149,784935,0,728,13,6328,'{\"metodo\": \"pago_exitoso\", \"timestamp\": \"2025-06-08 11:42:52.000000\", \"confirmado\": true}','Cliente-6002',NULL,'2025-06-08 11:42:52','becee86c0605084d5d7b9a3cb2c3b5d2f627b32ea81ec4540e3918798fc6828e',221,7,3),(222,53281,777296,0,11440,13,99440,'{\"metodo\": \"pago_exitoso\", \"timestamp\": \"2025-06-16 08:12:52.000000\", \"confirmado\": true}','Cliente-3201',NULL,'2025-06-16 08:12:52','7b8f87bd24029e4eadfd890e46ad7858b4fd6751bb60000c3a4663ed87c76509',222,8,1),(223,97582,933996,0,468,13,4068,'{\"metodo\": \"pago_exitoso\", \"timestamp\": \"2025-06-21 12:12:52.000000\", \"confirmado\": true}','Cliente-7139',NULL,'2025-06-21 12:12:52','c3f08bb96d329ea1b407af9a7f621971a1c8ed6f80d4b2c80b230be2edc15fc2',223,7,1),(224,14892,362483,0,4680,13,40680,'{\"metodo\": \"pago_exitoso\", \"timestamp\": \"2025-06-07 06:32:52.000000\", \"confirmado\": true}','Cliente-2952',NULL,'2025-06-07 06:32:52','007c16ea7a20531a7651e519ec212f52123baeff9ce370bdfde669dd13b8f310',224,8,1),(225,70906,827247,0,1092,13,9492,'{\"metodo\": \"pago_exitoso\", \"timestamp\": \"2025-06-15 09:26:52.000000\", \"confirmado\": true}','Cliente-0101',NULL,'2025-06-15 09:26:52','43f0e3f3cd59b481d29d71ac07f86d16bc38280321f5ecdd486feb594f04eb84',225,7,1),(226,98518,596688,0,780,13,6780,'{\"metodo\": \"pago_exitoso\", \"timestamp\": \"2025-06-09 02:32:52.000000\", \"confirmado\": true}','Cliente-8087',NULL,'2025-06-09 02:32:52','aca06d32ff85984e05b425c10c591fe81e4cc1fb275cc2e454c6aac0f7cdba9e',226,7,1),(227,71109,422528,0,1040,13,9040,'{\"metodo\": \"pago_exitoso\", \"timestamp\": \"2025-06-18 03:54:52.000000\", \"confirmado\": true}','Cliente-7548',NULL,'2025-06-18 03:54:52','6c8018eee3d62b4474314ace767dd5ac34a1868121d6ee953b82eaac7722d44b',227,7,3),(228,84383,681589,0,325,13,2825,'{\"metodo\": \"pago_exitoso\", \"timestamp\": \"2025-06-15 11:20:52.000000\", \"confirmado\": true}','Cliente-7516',NULL,'2025-06-15 11:20:52','98ef75948271a4aa64555f3e89766c64db4698abc994e9a23b9209c4961514de',228,8,1),(229,59249,491684,0,6240,13,54240,'{\"metodo\": \"pago_exitoso\", \"timestamp\": \"2025-06-26 13:59:52.000000\", \"confirmado\": true}','Cliente-5344',NULL,'2025-06-26 13:59:52','248654aebb76a7a0151177c11d635df225255aef5c4ba8de4b4a8271042af57c',229,8,1),(230,15940,468848,0,104,13,904,'{\"metodo\": \"pago_exitoso\", \"timestamp\": \"2025-06-18 07:03:52.000000\", \"confirmado\": true}','Cliente-8511',NULL,'2025-06-18 07:03:52','6101fb8670f73a06bb2fef82231a0f6225a2eb1e1b69fa84647f3ae6fbf9348a',230,7,2),(231,76012,503235,0,13650,13,118650,'{\"metodo\": \"pago_exitoso\", \"timestamp\": \"2025-06-24 01:46:52.000000\", \"confirmado\": true}','Cliente-0398',NULL,'2025-06-24 01:46:52','5db2023e580fbbd89c24047a238c3cc92faf51698bac60076cd99ac1f1392eb6',231,6,2),(233,99938,123456789,0,6500,0.13,56500,'{\"confirmado\": true}','Juan P√©rez','304560789','2025-10-01 00:29:11','393346f859450e2f05ba47884aa6b2657cb9c29e2330798eda2d521d12ab2e4b',233,6,1),(235,99939,123456789,0,6500,0.13,56500,'{\"confirmado\": true}','Juan P√©rez','304560789','2025-10-01 00:32:42','c87f05bc51dff0c69da6de72eeff637bafd8b2003ad863ed2acb078221bf2206',235,6,1),(236,99940,123456789,0,6500,0.13,56500,'{\"confirmado\": true}','Juan P√©rez','304560789','2025-10-01 00:34:04','096aa2f31b84b7c3a109eca751ac8575fe73fa969a0946c2f3e4424c8bd539d1',236,6,1),(237,99941,123456789,0,6500,0.13,56500,'{\"confirmado\": true}','Juan P√©rez','304560789','2025-10-01 01:39:05','879e7dc2595ffce9a8529744a2665e12f93b740e00213aca1b0b1e9efb991307',237,6,1),(238,99942,123456789,0,6500,0.13,56500,'{\"confirmado\": true}','Juan P√©rez','304560789','2025-10-01 01:41:32','27fcc104997fe4e61c256db2f6b2d059a3ea119bfed5ee4bfe36d8fec2f0796f',238,6,1),(239,99943,123456789,0,6500,0.13,56500,'{\"confirmado\": true}','Juan P√©rez','304560789','2025-10-01 01:42:23','75ca041585398f7fe24ca94651c195124a714e7222ec382c69ca0c7563faf068',239,6,1),(240,99944,123456789,0,6500,0.13,56500,'{\"confirmado\": true}','Juan P√©rez','304560789','2025-10-01 01:59:27','e8b9ed67acd98113644cab3d4b61c4ac466fb07435315277dea59ddb0dce194d',240,6,1);
/*!40000 ALTER TABLE `SaleBills` ENABLE KEYS */;
UNLOCK TABLES;

--
-- Table structure for table `Spaces`
--

DROP TABLE IF EXISTS `Spaces`;
/*!40101 SET @saved_cs_client     = @@character_set_client */;
/*!50503 SET character_set_client = utf8mb4 */;
CREATE TABLE `Spaces` (
  `spaceId` int NOT NULL AUTO_INCREMENT,
  `code` varchar(6) NOT NULL,
  `size` float NOT NULL,
  `type` enum('FOOD','RETAIL') NOT NULL,
  `status` enum('AVAILABLE','OCUPPIED','UNDER_RENOVATION','CLOSED') NOT NULL,
  `createdAt` datetime NOT NULL,
  `updatedAt` datetime DEFAULT NULL,
  `enabled` tinyint NOT NULL,
  `marketId` int NOT NULL,
  PRIMARY KEY (`spaceId`),
  UNIQUE KEY `spaceCode_UNIQUE` (`code`),
  KEY `fk_spaces_markets1_idx` (`marketId`),
  CONSTRAINT `fk_spaces_markets1` FOREIGN KEY (`marketId`) REFERENCES `Markets` (`marketId`)
) ENGINE=InnoDB AUTO_INCREMENT=31 DEFAULT CHARSET=utf8mb4 COLLATE=utf8mb4_0900_ai_ci;
/*!40101 SET character_set_client = @saved_cs_client */;

--
-- Dumping data for table `Spaces`
--

LOCK TABLES `Spaces` WRITE;
/*!40000 ALTER TABLE `Spaces` DISABLE KEYS */;
INSERT INTO `Spaces` VALUES (1,'MS3246',25,'RETAIL','CLOSED','2023-12-09 10:15:00',NULL,1,1),(2,'MS3247',30.5,'FOOD','CLOSED','2023-12-10 11:30:00',NULL,1,1),(3,'MS3248',18.2,'FOOD','CLOSED','2023-12-11 09:00:00',NULL,1,1),(4,'MS3249',25.7,'FOOD','CLOSED','2023-12-12 14:20:00',NULL,1,1),(5,'MS3250',22.1,'RETAIL','AVAILABLE','2023-12-13 08:50:00',NULL,1,1),(6,'MS3251',17.4,'RETAIL','AVAILABLE','2023-12-14 12:10:00',NULL,1,1),(7,'MS3252',22.9,'FOOD','AVAILABLE','2023-12-15 13:45:00',NULL,1,1),(8,'MS3253',20.3,'RETAIL','AVAILABLE','2023-12-16 15:30:00',NULL,1,1),(9,'MS3254',35.8,'FOOD','AVAILABLE','2023-12-17 10:40:00',NULL,1,1),(10,'MS3255',12.5,'FOOD','AVAILABLE','2023-12-18 10:40:00',NULL,1,1),(11,'MS4101',28.5,'RETAIL','CLOSED','2023-09-08 08:45:00',NULL,1,2),(12,'MS4102',32,'RETAIL','CLOSED','2023-09-09 09:10:00',NULL,1,2),(13,'MS4103',19.7,'FOOD','CLOSED','2023-09-10 10:20:00',NULL,1,2),(14,'MS4104',36.2,'RETAIL','CLOSED','2023-09-11 11:05:00',NULL,1,2),(15,'MS4105',25.9,'FOOD','AVAILABLE','2023-09-12 08:55:00',NULL,1,2),(16,'MS4106',17.3,'RETAIL','AVAILABLE','2023-09-13 12:40:00',NULL,1,2),(17,'MS4107',30.6,'FOOD','AVAILABLE','2023-09-14 14:15:00',NULL,1,2),(18,'MS4108',23.1,'RETAIL','AVAILABLE','2023-09-15 09:30:00',NULL,1,2),(19,'MS5101',22.4,'FOOD','CLOSED','2021-09-08 08:45:00',NULL,1,3),(20,'MS5102',45.6,'RETAIL','CLOSED','2021-09-09 09:15:00',NULL,1,3),(21,'MS5103',27.8,'FOOD','CLOSED','2021-09-10 10:05:00',NULL,1,3),(22,'MS5104',41.2,'RETAIL','CLOSED','2021-09-11 11:20:00',NULL,1,3),(23,'MS5105',19.5,'FOOD','CLOSED','2021-09-12 08:55:00',NULL,1,3),(24,'MS5106',18.9,'RETAIL','AVAILABLE','2021-09-13 13:10:00',NULL,1,3),(25,'MS5107',33.1,'FOOD','AVAILABLE','2021-09-14 09:40:00',NULL,1,3),(26,'MS5108',22.3,'RETAIL','AVAILABLE','2021-09-15 14:25:00',NULL,1,3),(27,'MS5109',26.7,'FOOD','AVAILABLE','2021-09-16 08:30:00',NULL,1,3),(28,'MS5110',14,'RETAIL','AVAILABLE','2021-09-17 10:50:00',NULL,1,3),(29,'MS5111',19.9,'FOOD','AVAILABLE','2021-09-18 12:00:00',NULL,1,3),(30,'MS5112',25.6,'RETAIL','AVAILABLE','2021-09-19 15:15:00',NULL,1,3);
/*!40000 ALTER TABLE `Spaces` ENABLE KEYS */;
UNLOCK TABLES;

--
-- Table structure for table `SpacesPerContract`
--

DROP TABLE IF EXISTS `SpacesPerContract`;
/*!40101 SET @saved_cs_client     = @@character_set_client */;
/*!50503 SET character_set_client = utf8mb4 */;
CREATE TABLE `SpacesPerContract` (
  `contractId` int NOT NULL,
  `spaceId` int NOT NULL,
  `status` enum('ACTIVE','CANCELLED','INACTIVE') NOT NULL,
  `createdAt` datetime NOT NULL,
  `updatedAt` datetime DEFAULT NULL,
  `enabled` tinyint NOT NULL,
  PRIMARY KEY (`contractId`,`spaceId`),
  KEY `fk_Contracts_has_SpaceInMarket_SpaceInMarket1_idx` (`spaceId`),
  KEY `fk_Contracts_has_SpaceInMarket_Contracts1_idx` (`contractId`),
  CONSTRAINT `fk_Contracts_has_SpaceInMarket_Contracts1` FOREIGN KEY (`contractId`) REFERENCES `Contracts` (`contractId`),
  CONSTRAINT `fk_Contracts_has_SpaceInMarket_SpaceInMarket1` FOREIGN KEY (`spaceId`) REFERENCES `Spaces` (`spaceId`)
) ENGINE=InnoDB DEFAULT CHARSET=utf8mb4 COLLATE=utf8mb4_0900_ai_ci;
/*!40101 SET character_set_client = @saved_cs_client */;

--
-- Dumping data for table `SpacesPerContract`
--

LOCK TABLES `SpacesPerContract` WRITE;
/*!40000 ALTER TABLE `SpacesPerContract` DISABLE KEYS */;
INSERT INTO `SpacesPerContract` VALUES (1,1,'ACTIVE','2025-08-22 12:10:00',NULL,1),(2,2,'ACTIVE','2025-03-22 12:10:00',NULL,1),(3,3,'ACTIVE','2024-12-22 12:10:00',NULL,1),(4,4,'ACTIVE','2024-10-22 12:10:00',NULL,1),(5,11,'ACTIVE','2025-01-05 10:00:00',NULL,1),(6,12,'ACTIVE','2025-03-15 15:45:00',NULL,1),(7,13,'ACTIVE','2025-03-15 15:45:00',NULL,1),(8,14,'ACTIVE','2025-04-20 11:20:00',NULL,1),(9,19,'ACTIVE','2025-01-12 09:00:00',NULL,1),(10,20,'ACTIVE','2025-02-01 14:30:00',NULL,1),(11,21,'ACTIVE','2025-02-20 11:15:00',NULL,1),(12,22,'ACTIVE','2025-03-10 08:20:00',NULL,1),(13,23,'ACTIVE','2025-04-05 10:45:00',NULL,1);
/*!40000 ALTER TABLE `SpacesPerContract` ENABLE KEYS */;
UNLOCK TABLES;

--
-- Table structure for table `States`
--

DROP TABLE IF EXISTS `States`;
/*!40101 SET @saved_cs_client     = @@character_set_client */;
/*!50503 SET character_set_client = utf8mb4 */;
CREATE TABLE `States` (
  `stateId` int NOT NULL AUTO_INCREMENT,
  `name` varchar(50) NOT NULL,
  `countryId` int NOT NULL,
  PRIMARY KEY (`stateId`),
  KEY `fk_States_Countries1_idx` (`countryId`),
  CONSTRAINT `fk_States_Countries1` FOREIGN KEY (`countryId`) REFERENCES `Countries` (`countryId`)
) ENGINE=InnoDB AUTO_INCREMENT=4 DEFAULT CHARSET=utf8mb4 COLLATE=utf8mb4_0900_ai_ci;
/*!40101 SET character_set_client = @saved_cs_client */;

--
-- Dumping data for table `States`
--

LOCK TABLES `States` WRITE;
/*!40000 ALTER TABLE `States` DISABLE KEYS */;
INSERT INTO `States` VALUES (1,'SAN JOS√â',1),(2,'CARTAGO',1),(3,'HEREDIA',1);
/*!40000 ALTER TABLE `States` ENABLE KEYS */;
UNLOCK TABLES;

--
-- Table structure for table `SystemLogTypes`
--

DROP TABLE IF EXISTS `SystemLogTypes`;
/*!40101 SET @saved_cs_client     = @@character_set_client */;
/*!50503 SET character_set_client = utf8mb4 */;
CREATE TABLE `SystemLogTypes` (
  `systemLogTypeId` int NOT NULL AUTO_INCREMENT,
  `name` varchar(45) DEFAULT NULL,
  PRIMARY KEY (`systemLogTypeId`)
) ENGINE=InnoDB AUTO_INCREMENT=4 DEFAULT CHARSET=utf8mb4 COLLATE=utf8mb4_0900_ai_ci;
/*!40101 SET character_set_client = @saved_cs_client */;

--
-- Dumping data for table `SystemLogTypes`
--

LOCK TABLES `SystemLogTypes` WRITE;
/*!40000 ALTER TABLE `SystemLogTypes` DISABLE KEYS */;
INSERT INTO `SystemLogTypes` VALUES (1,'Error'),(2,'Venta'),(3,'Info');
/*!40000 ALTER TABLE `SystemLogTypes` ENABLE KEYS */;
UNLOCK TABLES;

--
-- Table structure for table `SystemLogs`
--

DROP TABLE IF EXISTS `SystemLogs`;
/*!40101 SET @saved_cs_client     = @@character_set_client */;
/*!50503 SET character_set_client = utf8mb4 */;
CREATE TABLE `SystemLogs` (
  `systemLogId` int NOT NULL AUTO_INCREMENT,
  `description` text,
  `postTime` datetime DEFAULT NULL,
  `checksum` varchar(64) DEFAULT NULL,
  `systemLogTypeId` int NOT NULL,
  `moduleId` int NOT NULL,
  `userId` int NOT NULL,
  `logSourceId` int NOT NULL,
  `logLevelId` int NOT NULL,
  PRIMARY KEY (`systemLogId`),
  KEY `fk_SystemLogs_SystemLogTypes1_idx` (`systemLogTypeId`),
  KEY `fk_SystemLogs_Modules1_idx` (`moduleId`),
  KEY `fk_SystemLogs_Users1_idx` (`userId`),
  KEY `fk_SystemLogs_LogSources1_idx` (`logSourceId`),
  KEY `fk_SystemLogs_LogLevels1_idx` (`logLevelId`),
  CONSTRAINT `fk_SystemLogs_LogLevels1` FOREIGN KEY (`logLevelId`) REFERENCES `LogLevels` (`logLevelId`),
  CONSTRAINT `fk_SystemLogs_LogSources1` FOREIGN KEY (`logSourceId`) REFERENCES `LogSources` (`logSourceId`),
  CONSTRAINT `fk_SystemLogs_Modules1` FOREIGN KEY (`moduleId`) REFERENCES `Modules` (`moduleId`),
  CONSTRAINT `fk_SystemLogs_SystemLogTypes1` FOREIGN KEY (`systemLogTypeId`) REFERENCES `SystemLogTypes` (`systemLogTypeId`),
  CONSTRAINT `fk_SystemLogs_Users1` FOREIGN KEY (`userId`) REFERENCES `Users` (`userId`)
) ENGINE=InnoDB AUTO_INCREMENT=25 DEFAULT CHARSET=utf8mb4 COLLATE=utf8mb4_0900_ai_ci;
/*!40101 SET character_set_client = @saved_cs_client */;

--
-- Dumping data for table `SystemLogs`
--

LOCK TABLES `SystemLogs` WRITE;
/*!40000 ALTER TABLE `SystemLogs` DISABLE KEYS */;
INSERT INTO `SystemLogs` VALUES (9,'Error al procesar venta: Producto \"Set de Lego City\", Tienda \"Jugueter√≠a Feliz\", Cantidad: 2','2025-09-30 23:51:27','7b53491a59e548371e75ce4adf4b89c1f20038f6b0ffb79a5c9f4b44ad177be2',1,2,100,1,3),(10,'Error al procesar venta: Producto \"Set de Lego City\", Tienda \"Jugueter√≠a Feliz\", Cantidad: 2','2025-09-30 23:52:27','34adb449561db2e034621436b306150b7a0de0e25941d85a70ed0b54535759aa',1,2,100,1,3),(11,'Error al procesar venta: Producto \"Set de Lego City\", Tienda \"Jugueter√≠a Feliz\", Cantidad: 2','2025-09-30 23:57:50','a93f0ce90a00cc3ee11dc3293854538949ff28b3da2044f449dbc592705310dc',1,2,100,1,3),(12,'Error al procesar venta: Producto \"Set de Lego City\", Tienda \"Jugueter√≠a Feliz\", Cantidad: 2','2025-10-01 00:06:07','220bcbfaae049e2c97ad99f376a7f32e1def35f0781c6d69b13d1032fca8761e',1,2,100,1,3),(13,'Error al procesar venta: Producto \"Set de Lego City\", Tienda \"Jugueter√≠a Feliz\", Cantidad: 2','2025-10-01 00:06:27','18289bfae7faa52359d5226919aef1b28d409d791ef2bc7d028a8a839310ae1c',1,2,100,1,3),(14,'Error al procesar venta: Producto \"Set de Lego City\", Tienda \"Jugueter√≠a Feliz\", Cantidad: 2','2025-10-01 00:07:08','68ca2a7930c7b2d32355379fa5db00b17530357a6f6fbc465df7b159de49590d',1,2,100,1,3),(15,'Error al procesar venta: Producto \"Set de Lego City\", Tienda \"Jugueter√≠a Feliz\", Cantidad: 2','2025-10-01 00:08:14','b33a24e4a250aea9254e16da15c8152e8f451133107958eb322d126a3dd6f3eb',1,2,100,1,3),(16,'Error al procesar venta: Producto \"Set de Lego City\", Tienda \"Jugueter√≠a Feliz\", Cantidad: 2','2025-10-01 00:14:24','45345088a38e411baf5c6a9ecfe0515ed88a4f4ebfbb4c0323738eb3bbeb10f6',1,2,100,1,3),(17,'Error al procesar venta: Producto \"Set de Lego City\", Tienda \"Jugueter√≠a Feliz\", Cantidad: 2','2025-10-01 00:17:50','ac82d7f59b70a64a6e1b4f8e0ffb34cb620bf14199a52bc3bd0abacd09dd5cf6',1,2,100,1,3),(18,'TEST','2025-10-01 00:24:24','9f86d081884c7d659a2feaa0c55ad015a3bf4f1b2b0b822cd15d6c15b0f00a08',1,2,100,1,3),(19,'{\"total\": 56500.0, \"cedula\": \"304560789\", \"tienda\": \"Jugueter√≠a Feliz\", \"cliente\": \"Juan P√©rez\", \"factura\": 99939, \"cantidad\": 2, \"producto\": \"Set de Lego City\", \"operacion\": \"registerSale\", \"usuario_id\": 100, \"computadora\": \"CAJA-01\", \"metodo_pago\": \"EFECTIVO\", \"transaccion\": 235}','2025-10-01 00:32:42','a9ce1b0dd63e48fe0f289760afc22c21680be99f5a391434e691f66a1f2e0e5a',2,2,100,1,1),(20,'{\"total\": 56500.0, \"cedula\": \"304560789\", \"tienda\": \"Jugueter√≠a Feliz\", \"cliente\": \"Juan P√©rez\", \"factura\": 99940, \"cantidad\": 2, \"producto\": \"Set de Lego City\", \"operacion\": \"registerSale\", \"usuario_id\": 100, \"computadora\": \"CAJA-01\", \"metodo_pago\": \"EFECTIVO\", \"transaccion\": 236}','2025-10-01 00:34:04','3f0074226c3f4129c39ff3bd642b0df631e73f60ab23d8dff12046e2eba9d882',2,2,100,1,1),(21,'{\"total\": 56500.0, \"cedula\": \"304560789\", \"tienda\": \"Jugueter√≠a Feliz\", \"cliente\": \"Juan P√©rez\", \"factura\": 99941, \"cantidad\": 2, \"producto\": \"Set de Lego City\", \"operacion\": \"registerSale\", \"usuario_id\": 100, \"computadora\": \"CAJA-01\", \"metodo_pago\": \"EFECTIVO\", \"transaccion\": 237}','2025-10-01 01:39:05','9788435fb3a5c18abe439e8c3d69647858a29b79368ef5f9579dbd000a0a72b5',2,2,100,1,1),(22,'{\"total\": 56500.0, \"cedula\": \"304560789\", \"tienda\": \"Jugueter√≠a Feliz\", \"cliente\": \"Juan P√©rez\", \"factura\": 99942, \"cantidad\": 2, \"producto\": \"Set de Lego City\", \"operacion\": \"registerSale\", \"usuario_id\": 100, \"computadora\": \"CAJA-01\", \"metodo_pago\": \"EFECTIVO\", \"transaccion\": 238}','2025-10-01 01:41:32','33dd5f4be3a3ea70e8d6cfc7511b179db1ad1cac27572ce810a9148fa971e48c',2,2,100,1,1),(23,'{\"total\": 56500.0, \"cedula\": \"304560789\", \"tienda\": \"Jugueter√≠a Feliz\", \"cliente\": \"Juan P√©rez\", \"factura\": 99943, \"cantidad\": 2, \"producto\": \"Set de Lego City\", \"operacion\": \"registerSale\", \"usuario_id\": 100, \"computadora\": \"CAJA-01\", \"metodo_pago\": \"EFECTIVO\", \"transaccion\": 239}','2025-10-01 01:42:23','e16af6f162fe1e16cc107c90c12bea929d38f96cc4a310f952e9e6d889160ade',2,2,100,1,1),(24,'{\"total\": 56500.0, \"cedula\": \"304560789\", \"tienda\": \"Jugueter√≠a Feliz\", \"cliente\": \"Juan P√©rez\", \"factura\": 99944, \"cantidad\": 2, \"producto\": \"Set de Lego City\", \"operacion\": \"registerSale\", \"usuario_id\": 100, \"computadora\": \"CAJA-01\", \"metodo_pago\": \"EFECTIVO\", \"transaccion\": 240}','2025-10-01 01:59:27','925bd2a7d583a065ca1093f5bf18e9fe9990c649661f3b7bc0d9846d5910d09b',2,2,100,1,1);
/*!40000 ALTER TABLE `SystemLogs` ENABLE KEYS */;
UNLOCK TABLES;

--
-- Table structure for table `TransactionTypes`
--

DROP TABLE IF EXISTS `TransactionTypes`;
/*!40101 SET @saved_cs_client     = @@character_set_client */;
/*!50503 SET character_set_client = utf8mb4 */;
CREATE TABLE `TransactionTypes` (
  `transactionType` int NOT NULL AUTO_INCREMENT,
  `name` varchar(30) DEFAULT NULL,
  PRIMARY KEY (`transactionType`)
) ENGINE=InnoDB AUTO_INCREMENT=4 DEFAULT CHARSET=utf8mb4 COLLATE=utf8mb4_0900_ai_ci;
/*!40101 SET character_set_client = @saved_cs_client */;

--
-- Dumping data for table `TransactionTypes`
--

LOCK TABLES `TransactionTypes` WRITE;
/*!40000 ALTER TABLE `TransactionTypes` DISABLE KEYS */;
INSERT INTO `TransactionTypes` VALUES (1,'VENTA'),(2,'COMPRA'),(3,'GASTO');
/*!40000 ALTER TABLE `TransactionTypes` ENABLE KEYS */;
UNLOCK TABLES;

--
-- Table structure for table `Transactions`
--

DROP TABLE IF EXISTS `Transactions`;
/*!40101 SET @saved_cs_client     = @@character_set_client */;
/*!50503 SET character_set_client = utf8mb4 */;
CREATE TABLE `Transactions` (
  `TransactionId` int NOT NULL AUTO_INCREMENT,
  `amount` float DEFAULT NULL,
  `createdAt` datetime NOT NULL,
  `status` enum('PENDING','CANCELLED','COMPLETED') NOT NULL,
  `checksum` varchar(64) NOT NULL,
  `transactionType` int NOT NULL,
  `businessId` int NOT NULL,
  `contractId` int DEFAULT NULL,
  `currencyId` int NOT NULL,
  `paymentMethodId` int NOT NULL,
  PRIMARY KEY (`TransactionId`),
  KEY `fk_Transactions_TransactionTypes1_idx` (`transactionType`),
  KEY `fk_Transactions_Business1_idx` (`businessId`),
  KEY `fk_Transactions_Contracts1_idx` (`contractId`),
  KEY `fk_Transactions_Currencies1_idx` (`currencyId`),
  KEY `fk_Transactions_PaymentMethods1_idx` (`paymentMethodId`),
  CONSTRAINT `fk_Transactions_Business1` FOREIGN KEY (`businessId`) REFERENCES `Business` (`businessId`),
  CONSTRAINT `fk_Transactions_Contracts1` FOREIGN KEY (`contractId`) REFERENCES `Contracts` (`contractId`),
  CONSTRAINT `fk_Transactions_Currencies1` FOREIGN KEY (`currencyId`) REFERENCES `Currencies` (`currencyId`),
  CONSTRAINT `fk_Transactions_PaymentMethods1` FOREIGN KEY (`paymentMethodId`) REFERENCES `PaymentMethods` (`paymentMethodId`),
  CONSTRAINT `fk_Transactions_TransactionTypes1` FOREIGN KEY (`transactionType`) REFERENCES `TransactionTypes` (`transactionType`)
) ENGINE=InnoDB AUTO_INCREMENT=241 DEFAULT CHARSET=utf8mb4 COLLATE=utf8mb4_0900_ai_ci;
/*!40101 SET character_set_client = @saved_cs_client */;

--
-- Dumping data for table `Transactions`
--

LOCK TABLES `Transactions` WRITE;
/*!40000 ALTER TABLE `Transactions` DISABLE KEYS */;
INSERT INTO `Transactions` VALUES (1,12000,'2025-09-02 07:49:45','COMPLETED','2f48996c8ea673c2a741fcf873c4059c435492f7e800f0c521165cf7b9a0c7bf',1,9,8,1,2),(2,4800,'2025-09-09 08:43:45','COMPLETED','1f0c227c3cdb02c20df80eee2acf5b23d182ba5691df2205be90a5b84f4f725a',1,8,7,1,3),(3,2400,'2025-09-05 02:16:45','COMPLETED','021adfb59f17880da2f6f4e2b080b97a69e4a6fe09ec1bcd650046a34f4521e5',1,8,7,1,3),(4,12000,'2025-09-05 02:14:45','COMPLETED','88b687439657744f081be1e23d812471bf58147306f3524de9374b21329bdd50',1,9,8,1,2),(5,12000,'2025-09-10 03:05:45','COMPLETED','323cb046f4fb1566e2771994055584a40512f1d249fa21094aaecbee891f3e27',1,7,6,1,2),(6,6000,'2025-09-19 12:06:45','COMPLETED','7ef45a8d3c17ad064e33cd03ca4a93d724601bd8b9148e58c906f0a64abc3683',1,9,8,1,3),(7,18000,'2025-09-17 10:27:45','COMPLETED','1df9a8c7ed3c3912f65f1ba335d052efeaab38ec4abca25849a5e225c9250cbe',1,7,6,1,3),(8,70000,'2025-09-02 12:29:45','COMPLETED','a484295d650311330d7ec37bf13a3edd50de9c0a4e6d478791368a87a2ba7716',1,7,6,1,3),(9,48000,'2025-09-20 08:46:45','COMPLETED','c1d9d445e50967fcbe0e2a95008697f756a6c48bd9deb1a441fb680552f714e7',1,9,8,1,1),(10,22000,'2025-09-22 04:36:45','COMPLETED','279cf8e0a0867271c86e4d104ae0b5084b6cdf0cecbdee205bbbb257144bf6dd',1,9,8,1,1),(11,66000,'2025-09-28 07:25:45','COMPLETED','b62cb4fb39b7be73e5180ce6394486c55cd705a36b6c105de23be12a8d07ec4f',1,9,8,1,2),(12,15000,'2025-09-18 13:33:45','COMPLETED','a30958b0203e586353aad277a396e5d546a3034b10a176e5448d3b37d569f889',1,7,6,1,3),(13,2400,'2025-09-14 01:38:45','COMPLETED','f4b94b691f15aab53e841241996cb25ad60b542654679649ff7cb3777e1c0499',1,8,7,1,3),(14,4000,'2025-09-08 05:46:45','COMPLETED','8d493e697a7382ce79bf3aac887414125fee55a30dec7e12af7171b5cfdaf983',1,8,7,1,2),(15,24000,'2025-10-01 06:10:45','COMPLETED','15fb3689c3935127682f302d73799702d2de605bc50d682b48918e48169225ba',1,7,6,1,2),(16,2500,'2025-09-22 00:14:45','COMPLETED','7280339e9e3bbe2f22d146c6f748d02edc99cb7b59b3afebe803dab069143c1b',1,9,8,1,1),(17,54000,'2025-09-11 05:58:45','COMPLETED','da1d982dccab14e0848c1ea21d97c04d28a575ce336ee84205293fcc248f9849',1,7,6,1,2),(18,12000,'2025-09-14 10:01:45','COMPLETED','54f8b468694f5a0f381a87cf65355c62409d225a83a042e7c607beb948840086',1,9,8,1,3),(19,4800,'2025-09-26 12:56:45','COMPLETED','9bf0264c62ac47e3cbfb5e6bb1ea090f5894719bdfc0b7a3f6cf51ad0033fdc3',1,8,7,1,1),(20,7500,'2025-09-30 09:02:45','COMPLETED','55008c53f59367596a1a8add5596a11094aa3ee3089a384ad918ff4c19481ec2',1,9,8,1,1),(21,10000,'2025-09-18 06:02:45','COMPLETED','d6d6ad25583d2299d1095ca7714361d5f9add14841eb38e4db9f41a19d9766d8',1,9,8,1,2),(22,12000,'2025-09-11 06:08:45','COMPLETED','759f98b31fafa563650a4f13c67f0a5c8115b046eb79b060bfd065beb72bf0ae',1,8,7,1,1),(23,4800,'2025-09-12 07:36:45','COMPLETED','3cb896b9e5634d505446b243df5543f2dc4104c20d33d5962d9d5d6234d87c13',1,8,7,1,2),(24,36000,'2025-09-05 00:35:45','COMPLETED','59913d66c3f7edd1cace10d1ebc4cb4c9d47ce3c73addf9ab43af33bb7ec1800',1,7,6,1,3),(25,22000,'2025-09-23 00:18:45','COMPLETED','65bd35195e89ace4ba1a5f5ae19cef019e2efbb054e841099753b133fbc5696a',1,9,8,1,2),(26,45000,'2025-09-06 05:30:45','COMPLETED','a8370f28c9284236102f5d20eb4ada5e52bee7a1f361811046fcbfff7a097fa3',1,7,6,1,1),(27,2500,'2025-09-02 13:45:45','COMPLETED','5a423c7bc80ffc37c84210c58758f97b55834a215d65c760c790f821427ea8de',1,9,8,1,3),(28,50000,'2025-09-17 07:21:45','COMPLETED','2da31f7c493331b9899ccdb16851768ce34f051abc19c6a24a506c2ac7aa0188',1,7,6,1,1),(29,600,'2025-09-28 05:35:45','COMPLETED','9cd5d815473e8228337f6cc592f3c59834b3eda26578421f7598617a7b529ec4',1,8,7,1,3),(30,36000,'2025-09-24 02:01:45','COMPLETED','abc9655dbd048e6d72362ed88f159a050dc61fff07a2e016e20b78590cc7cd71',1,7,6,1,2),(31,36000,'2025-09-18 05:30:45','COMPLETED','984e65d9e8e0165776d8a19576f891b8132b3c71c41bd903f60e83ec9ba5e55d',1,9,8,1,2),(32,1200,'2025-09-03 03:13:45','COMPLETED','e7e00069dbd6410203d1b4b3e2a2bf97c8258e00c75eb7fcbe9b4ef3b048de51',1,8,7,1,2),(33,9600,'2025-09-19 04:12:45','COMPLETED','bfdd9ad3bbd4f0a69ee1b38d4df6f2ff63ff9f399533b303655a894aa101bcab',1,8,7,1,1),(34,24000,'2025-09-27 12:03:45','COMPLETED','5554728c9266704c0620b5b7dab295b399033dfabcd888c45fb1a091561283a6',1,7,6,1,2),(35,4800,'2025-09-18 07:13:45','COMPLETED','961308225069adbfaa3585dbcd16aad3232a53449c2b75f9af5c0c302cfcb393',1,8,7,1,2),(36,70000,'2025-09-30 12:08:45','COMPLETED','aaa956f815eb2a88ade6afea9d9d1841ca2167d19f71a7c9ecd9454963bf13c4',1,7,6,1,1),(37,14000,'2025-09-21 04:40:45','COMPLETED','0d6f6a03eecaef93469f77dbf1b459f71b76495aa504417ab8f220118cbfb944',1,8,7,1,1),(38,3600,'2025-09-30 03:58:45','COMPLETED','8701c7b28b5daddd101aa5dd6465970b0bb4dcc8fbc4ecd9987b342b451ce96f',1,8,7,1,1),(39,10000,'2025-09-13 05:01:45','COMPLETED','078a90701ee09b82560fe0ec7010be6a404f1f8ba7c3809bf255daba31f88690',1,9,8,1,3),(40,25000,'2025-09-13 10:45:45','COMPLETED','cd117fd157380fa68bca491ce5fe939373b55d998b6f911b992b492b4a6826b4',1,7,6,1,2),(41,12000,'2025-09-02 03:19:45','COMPLETED','eced95c0b4016e281a56c6f8bc2193f1a011c6c134656160645413f7b88e0a37',1,7,6,1,3),(42,9600,'2025-09-21 13:39:45','COMPLETED','5ad996494a6f10b1761f4e1098ba60b61ca7dbd2a268beb42ce93e7c34c92bd4',1,8,7,1,2),(43,30000,'2025-09-14 07:58:45','COMPLETED','effe09689a90e723bff6d9bba017e78367c3dd0746f96748d255e58a725a44a9',1,7,6,1,1),(44,10000,'2025-09-21 13:42:45','COMPLETED','f7184f9dcc1a2abdd0017ca6b2dadf7333be176d8b93d584a79cdec31ae12033',1,8,7,1,3),(45,24000,'2025-09-03 03:32:45','COMPLETED','0fffe53efed2985d95810dc87085459d41206f8308406a30641112445322dba8',1,9,8,1,3),(46,6000,'2025-09-22 09:28:45','COMPLETED','f152702bf3298ce0bafb2a23c55e3090427ff113a0442e81f4711e1cbb01e9e7',1,9,8,1,1),(47,1600,'2025-09-13 08:14:45','COMPLETED','d2accc11633bfce8abbe9e505d834737f79eb97498b36d99ea88ab94fced27c8',1,8,7,1,1),(48,10000,'2025-09-17 09:49:45','COMPLETED','f4baba8308ba13f9dd44b95ccdde69401d5607b6190248a113f2b4e399a535ee',1,9,8,1,1),(49,4800,'2025-09-04 06:32:45','COMPLETED','4ba9b363b4cb3395d52654f3da8bff672cc7edb1091acc9113a1ef42c14d8b23',1,8,7,1,1),(50,1000,'2025-09-10 07:27:45','COMPLETED','832ab77ca0a82773cff9c6c3fa0d6a2e06c351306e5de24d5ea59e80b0ba3c88',1,8,7,1,3),(51,4000,'2025-08-22 05:44:47','COMPLETED','f9ab0f6ea2310d776f58694ed93d3e797859f1a51926316d0e50b02a42ecfd7a',1,8,7,1,2),(52,4200,'2025-08-24 11:24:47','COMPLETED','a3f31bc916987236acce2837d71dbdf08af3711226e9883a8b73bfe8ae9463bf',1,8,7,1,2),(53,45000,'2025-08-07 06:42:47','COMPLETED','21a4d97e0feee597cf1143d850afe2a1b093ba76fb79f4e2aa8fe584b4a16592',1,7,6,1,1),(54,10000,'2025-08-12 08:07:47','COMPLETED','5b255baa230e319a9f148e16b6fb33b3ace51179c21f0323647dd14bca976e11',1,8,7,1,3),(55,12000,'2025-08-08 07:25:47','COMPLETED','7955b2d273312aeb4c6cc45b5694e6cf11aa7ca9df873598d7c8062199a0c595',1,9,8,1,2),(56,3600,'2025-08-05 11:22:47','COMPLETED','fa3a447ccbb413c1c00bb59390b757f079987c1842e2c5987604f27371bfa0d6',1,8,7,1,1),(57,18000,'2025-08-24 04:42:47','COMPLETED','96ae8ce9656dba0f0cc1fded82263ea6ed31317de95e91f3b1014e83ccc8dbf2',1,7,6,1,2),(58,3000,'2025-08-27 06:51:47','COMPLETED','a08c9c78a39e7b8aeb541bed66fa6166a124a06d8d967021e1515362904e750d',1,9,8,1,3),(59,30000,'2025-08-18 01:01:47','COMPLETED','8e702faf2a2dadd3d713910c9c36589ee35076222776cb8430d486636a69b4c2',1,7,6,1,3),(60,2500,'2025-08-28 00:50:47','COMPLETED','431d48267554e81a5288870ef4aa89f804d01e2291b937190f5231f771e05c03',1,9,8,1,1),(61,30000,'2025-08-18 06:53:47','COMPLETED','e0c3521b14115639634d6a95c56de52a9048e721a90a3ad0b6e07363ac240342',1,9,8,1,1),(62,54000,'2025-08-22 04:27:47','COMPLETED','41f01219b67bc1404001dedc7827db5fe8bf6afd64685138edf5cbb31bd68f51',1,7,6,1,2),(63,4000,'2025-08-25 09:48:47','COMPLETED','7850534469836109e6338cf806c8c59ab5a56f3d33db0b5d68b5db00a380edfd',1,8,7,1,3),(64,66000,'2025-08-10 07:31:47','COMPLETED','687bfa42f38844f2e66291aaeec9c9f5fba64822c6b24ebf5ee5dd249a029784',1,9,8,1,3),(65,2500,'2025-08-13 10:50:47','COMPLETED','6bacd15e6f5fc4930fe465e6246cae9875335049acbefb7291c7b34e30509112',1,9,8,1,3),(66,2400,'2025-08-14 02:01:47','COMPLETED','d32743c17395c635e136efd0c58d12ea8c63efce15252f13332e35d5997f1fa5',1,8,7,1,2),(67,9000,'2025-08-18 11:37:47','COMPLETED','b70ea92ed58d40d4a047ad780c00b1c046cb85228c838496d8a47dca6c92eede',1,9,8,1,3),(68,66000,'2025-08-06 09:53:47','COMPLETED','02592da21472879bb999e0864c217999af4bf6c8e91d72fca1fce987d1b2d13a',1,9,8,1,1),(69,2000,'2025-08-27 03:43:47','COMPLETED','7f4ef6b1f7f6629ed56914599b19301b27328f1920e0578df55677da9fd5faed',1,8,7,1,3),(70,12000,'2025-08-17 11:24:47','COMPLETED','4c5eb4882e35806782845c7388875cb8d005d0008daf04e28237e73e296e9010',1,7,6,1,2),(71,45000,'2025-08-29 02:32:47','COMPLETED','203fe3e0235522341cb7a218e7027577ebb94bff8dfed125e3c9b478e72b748f',1,7,6,1,1),(72,36000,'2025-08-04 09:42:47','COMPLETED','fb9d61c72125704a90b068011292eb81c47364bdad531c524a6ec4a6163f2620',1,9,8,1,2),(73,2000,'2025-08-31 10:44:47','COMPLETED','0920fa3333cfe7e9448cc859cb6abe78d9cd7a19c5fed80eb138e0c83d6b60ce',1,8,7,1,2),(74,36000,'2025-08-21 12:21:47','COMPLETED','cd9e24fa2824e675481ab071565a72bcdc9304c726de25ea419a066ca2277289',1,7,6,1,1),(75,18000,'2025-08-21 09:26:47','COMPLETED','867c23a0824f27d8571a6930e1ec3f822a14e9cca56db24d694976fc825ec8b8',1,7,6,1,1),(76,4800,'2025-08-25 11:26:49','COMPLETED','f5f680847426cded6f33f102ba5747a34574c6663c582cd0b6df986915e1ee12',1,8,7,1,3),(77,15000,'2025-08-25 09:46:49','COMPLETED','69168705e2c85926e330a45516d0bcbc269d69a8d57d5fcc6d379d3b08326c60',1,7,6,1,3),(78,7500,'2025-08-17 00:31:49','COMPLETED','26a83039d7e22f3d63b0dad9a2af2d4f692df826cfd40f52e47748b975c5918b',1,9,8,1,2),(79,15000,'2025-08-16 03:28:49','COMPLETED','f38a52d9e28c00dcf1c592847db2ce64487af3bb041216e82e4a4fbe9b1d3436',1,9,8,1,3),(80,18000,'2025-08-16 01:57:49','COMPLETED','32d8efd744baf64f27356802245a785adc2d6a0ecac3b5509dc6bfc2e7986081',1,7,6,1,2),(81,6000,'2025-09-01 02:50:49','COMPLETED','99b442d8511a7b6ae88c5c07616876aa9cb98f896377f042d7bf945354143f24',1,9,8,1,3),(82,54000,'2025-08-17 07:02:49','COMPLETED','72ff27011ba26f389105f5dc75a81eaae671a298508283b18151150a1b9399f4',1,7,6,1,2),(83,88000,'2025-08-14 00:24:49','COMPLETED','1adee3f0fd309f7aa429eb01d5b04af27fe8ad74416b050c155d7bf8f5b18820',1,9,8,1,3),(84,9000,'2025-08-29 12:11:49','COMPLETED','1ed99ab45a452201db66931daeb7c8279f245302a56fc0df3bffc2db854de9de',1,9,8,1,1),(85,4000,'2025-08-09 03:52:49','COMPLETED','be4206abd7bd2868758eff5bf2c369c3074943297ea4e531147a6d08c4adeb17',1,8,7,1,2),(86,36000,'2025-08-20 11:44:49','COMPLETED','92affb14bf601f6a9055155eb06abbc08f975d7c7c4a62e96132ef4ba4dab1bb',1,7,6,1,1),(87,2500,'2025-08-23 05:14:49','COMPLETED','44db7c0de4cff758f7393f0071e3bce7710099f170689e2f638965b5c5173888',1,9,8,1,3),(88,50000,'2025-08-18 11:47:49','COMPLETED','b3cd1176b8ef723a624a95a2f853443abfadd9014e033b4d9a39fd5f3ee7146b',1,7,6,1,2),(89,2000,'2025-08-29 01:19:49','COMPLETED','77a0bfac43b2bb469261f71b5f9645e9656735a1864dc182cbc1a6598ba446f7',1,8,7,1,1),(90,7500,'2025-08-24 04:48:49','COMPLETED','4a73e46abe504e857cf5d2693aa03a221aff2c834eae8e1cae0283393d4f82c6',1,9,8,1,1),(91,12000,'2025-08-28 00:38:49','COMPLETED','797143c6a7a743e066c33dd0a9f24e255596093248ac5a2370ba92c2c9861424',1,7,6,1,1),(92,4000,'2025-08-28 00:46:49','COMPLETED','4249801e2e8a8adf573645fffbc843972e22aa63fda6ac703772d6d702d98d21',1,8,7,1,3),(93,8000,'2025-08-27 01:52:49','COMPLETED','3e4e085928a1553b49843c4d20130a7b6021431feb1057501af323b229ac279e',1,8,7,1,1),(94,6000,'2025-08-08 02:21:49','COMPLETED','1f02003ae9c7fa8f75c94ae94f66302a8f518c57ab42770c09fae5257cc16fcd',1,9,8,1,1),(95,15000,'2025-08-12 08:56:49','COMPLETED','e36dda09711e0f34e7154eacbaf353675e37f383bda33d19deb165d36f661af6',1,7,6,1,3),(96,24000,'2025-08-10 06:09:49','COMPLETED','a2f052cf8aa863a67872b6b30b444396b34a2cb500c8e44ad30eeea9aed65faa',1,9,8,1,1),(97,25000,'2025-08-31 02:46:49','COMPLETED','ad19dfc0e27003b76aa96ef69e65c3cde764dbb31e119a89beaa8b2f574457c1',1,7,6,1,1),(98,5600,'2025-08-15 04:57:49','COMPLETED','05fbf40102fc06350a451ee820c3487cc29d71a994838176238a2758e8c7876b',1,8,7,1,3),(99,6000,'2025-08-28 10:22:49','COMPLETED','081670acb78b7c16a94d18ccae511870e97c918b0140422d5fbf39d69f24f835',1,8,7,1,2),(100,6000,'2025-08-04 11:23:49','COMPLETED','37a23507650fa27df7e9596ec5aee6e9e9469ced44351ae78698b58d9efc6b88',1,9,8,1,2),(101,1600,'2025-08-22 02:46:50','COMPLETED','f7f0e6030eb5194bb2318bd772b7a746c1ffdb59a3d5f949b5391cd6b933aba7',1,8,7,1,2),(102,60000,'2025-08-15 00:28:50','COMPLETED','1eed3f7568d6918d00118e61782d8e0e3ca20603cbfc59b734091920c55f831b',1,9,8,1,1),(103,7500,'2025-08-12 09:25:50','COMPLETED','9288e409b61c79eb8581d9715cbe5e3ddd4c9a25acc4bdf3a0148aac330ebf3c',1,9,8,1,3),(104,2400,'2025-07-28 02:13:50','COMPLETED','bc87ef9406b7b764963d5af977fd64dba5cca97d0f99e102405a3bc242d14d51',1,8,7,1,2),(105,5000,'2025-07-29 12:03:50','COMPLETED','0a05ddc68204fc0376fb1d0b5d199cb19a53aac5327b99ff2cd43df210a7b2f2',1,8,7,1,2),(106,36000,'2025-07-15 01:41:50','COMPLETED','c8622e4e68678661e04a9c3cfad0cb5657a7a00a791c41b3fffd931decd510c5',1,9,8,1,1),(107,22000,'2025-07-12 02:47:50','COMPLETED','ae5be3a79b2ca53b125a7cd3a7f7bc2dd698941529d60085c53cbd79d5831af8',1,9,8,1,2),(108,2400,'2025-07-29 06:45:50','COMPLETED','1fdc0a4e09af31043fea1c02e8138c9cd278564f29f42de874e89136f56e04e6',1,8,7,1,2),(109,9000,'2025-07-05 01:41:50','COMPLETED','5f90ba74e42f9747fe9c2c5d5e6f6f9fcce503bfc37280e590fff430d3b3f6f8',1,9,8,1,1),(110,15000,'2025-08-02 10:52:50','COMPLETED','ec281d79ae42c55f9a4e55ce3771ff6593bcf3ed592a756d291b2138506f5750',1,9,8,1,1),(111,30000,'2025-07-29 03:56:50','COMPLETED','2da9d4bf80ab8ca4c2a54fa615555d831c7ceecea3651ddf6d461b2302aa8974',1,9,8,1,3),(112,45000,'2025-07-12 04:25:50','COMPLETED','e5f4acb6186b8010fa0e57a80dfa7efb8111a2a444b814bb2740482d49878c75',1,9,8,1,1),(113,54000,'2025-07-12 00:55:50','COMPLETED','fca1bc591d63485ace013d8da8841228f969be5482569df5b5ecadd0f44072ab',1,7,6,1,2),(114,66000,'2025-07-18 00:38:50','COMPLETED','e9d1b4085ab52d8587498e83a26803861cb11162a0408fd8a5a06ff30719f60f',1,9,8,1,1),(115,12000,'2025-07-29 09:04:50','COMPLETED','b222aad335e13b6ad455449d588f95f915c5514133a426269b76827743214a62',1,7,6,1,1),(116,105000,'2025-07-27 12:40:50','COMPLETED','2f61192ffb0f222f2335d6d4935e6d14070f433f6234baffd8d044aafde70b9d',1,7,6,1,3),(117,3200,'2025-07-22 08:53:50','COMPLETED','5c21955ed67d4465eb012a6e5003f2aff9f8967bbd86fa203be922fd9b7e6275',1,8,7,1,2),(118,10000,'2025-07-18 11:37:50','COMPLETED','5caec3be292076bf91994f3511d0a44f41547b4d125fa23f90027a803436014d',1,9,8,1,2),(119,60000,'2025-07-07 10:11:50','COMPLETED','41a91f0a321398b8b08ce60df867def70647b06172f6ac044fb8dc983d8e5377',1,9,8,1,2),(120,88000,'2025-07-23 02:50:50','COMPLETED','6daac2f92bda8bf5f8747b858eb1a4fb1bae4238fbd0cc5f36b8fb480dc01bdf',1,9,8,1,2),(121,24000,'2025-07-22 00:14:50','COMPLETED','3dcf9ee7fc4d8c0772e8207c881b89bc09e9b55bc98752337e11a7e63b887fcd',1,9,8,1,3),(122,9600,'2025-07-05 13:10:50','COMPLETED','322506cfc7e5884ff4e935ebd1fa4f4eff2fcc97ffe4866eb9f8aa05087df860',1,8,7,1,3),(123,12000,'2025-07-17 01:50:50','COMPLETED','296738a20f3e60782a68c5d281adf337a863ca3bd332a7edb3bbd8e45ff31732',1,9,8,1,3),(124,88000,'2025-07-08 03:39:50','COMPLETED','a6a4806ed9ca757cc7b3f87d6a6d193e538f7a93427f894a642a60b0804f1920',1,9,8,1,2),(125,7500,'2025-07-17 09:35:50','COMPLETED','f3a7c16e9099f3becee2c58ce9955a754c95ef2734048741ee02f8772bd5aab7',1,9,8,1,1),(126,12000,'2025-07-21 02:33:50','COMPLETED','e6821d09efe2a8a3d822a620bc0e098ed8f132d38bb76364bdbda6aca9bcc365',1,7,6,1,1),(127,12000,'2025-07-24 10:42:50','COMPLETED','7eee31279b4427ade70d154b769dba63d5dd7356157396ccbb9c7ab02b5e706b',1,9,8,1,1),(128,12000,'2025-07-27 12:58:50','COMPLETED','64b1506317bdbe1966aa37be308265b3f4427bc054039858799b7b7e3a0ebc38',1,7,6,1,1),(129,2500,'2025-07-24 13:40:50','COMPLETED','4a4828890a8abd57ad761453d10d854c668517fd3212c8694527b0d7a55babf1',1,9,8,1,2),(130,5000,'2025-07-21 10:26:50','COMPLETED','db75c9442afc3ace15b0a7271c2ad3a022ee772f6e3978a78824513e91d13180',1,9,8,1,1),(131,48000,'2025-07-05 00:15:50','COMPLETED','2f65fdb99f62816e30a4b22cca4fe322e42a4d87f5da75d89d4601f1dfe70677',1,9,8,1,1),(132,36000,'2025-07-13 06:09:50','COMPLETED','cd3a05d21e7bbc7f3d8104622abc2769ee12a378dd48a862e2a35cb22519cd22',1,9,8,1,2),(133,2500,'2025-07-31 00:44:50','COMPLETED','faf145ccd8573d6e9b7ff26ce89d7bd5b40c3cf4e3732a35791fc8199bda71bd',1,9,8,1,3),(134,5600,'2025-07-17 02:25:50','COMPLETED','f68baf086e744e7d84a0e16c26c319029fa07037bd04b43a0d5a6d7bb15ec715',1,8,7,1,2),(135,12000,'2025-07-20 04:23:50','COMPLETED','4f65c5c3100e7c9782f164dd5cd8a39ec1923720c51615253d89ec6158568cdb',1,7,6,1,3),(136,18000,'2025-07-17 02:03:50','COMPLETED','f1e11d853ec2884ca768aafa87327d20cb531924b918534f0389e9376cbd79bc',1,7,6,1,3),(137,70000,'2025-07-22 08:05:50','COMPLETED','00f96571a2de40fc05688b3efcb28ff8d3b8aa2772b01affbacd72e8cd2180af',1,7,6,1,2),(138,48000,'2025-07-14 09:34:50','COMPLETED','0559007d971be30f1b53f69b12b830c3eb81fe8b9d2002b663509159efa3b488',1,9,8,1,3),(139,36000,'2025-07-11 04:13:50','COMPLETED','1fdd020a3b0ec104f1d270499120d683f893ef5b3b13743553b0c86c65596507',1,7,6,1,1),(140,60000,'2025-07-21 01:11:50','COMPLETED','402ac7fb285fa2fdcbaa59a31179003a5fb0e42d062006e39b0412509445734e',1,9,8,1,3),(141,18000,'2025-07-07 03:32:50','COMPLETED','4074c162e21ca0aeb6ed7042842c1c6eef88ae45b593b629faf0782e8c21ddbb',1,7,6,1,3),(142,48000,'2025-07-21 07:32:50','COMPLETED','88b6eddf48f9a7b6596105cada64850dfed8a1a704db5194d029eb2fdf59de35',1,9,8,1,1),(143,60000,'2025-07-26 04:03:50','COMPLETED','0b4e5b08d391b00e72d303d831f67a69be1d216accf649c29d0d983ff7bb541d',1,9,8,1,1),(144,36000,'2025-07-19 12:08:50','COMPLETED','b7472adf5651c798e6a9a296e4fd39e6e249bf49da98e71439aded7e87e64d39',1,7,6,1,3),(145,1600,'2025-07-25 11:07:50','COMPLETED','33ad60d29dc3e52f95e99031a2c176e59d253d7e19a060ceaae8fdec44d3998d',1,8,7,1,1),(146,54000,'2025-07-28 02:18:50','COMPLETED','1b093150910638c7bbaeebef1c2d29132080a996591f12272af004414e9daac2',1,7,6,1,3),(147,12000,'2025-07-19 12:56:50','COMPLETED','02dcd10aa96d5a4461c8d9f772a3baf7e64872cef9fbdedf11030f1310f68790',1,9,8,1,1),(148,44000,'2025-07-18 03:34:50','COMPLETED','56b5edc52a3506dd30aa5f29ed40274590f0b142e7cf38f8b8334db374630f03',1,9,8,1,1),(149,45000,'2025-07-20 01:14:50','COMPLETED','1465a69ca9670394c48d64c08c6f6bead3391d9bffecad454b34a241517edc0f',1,7,6,1,3),(150,24000,'2025-08-02 12:17:50','COMPLETED','594a1466c559b1496b13bf28ff577089552c8e1504bc00c22035eec5d85fd77a',1,9,8,1,3),(151,7500,'2025-07-11 09:11:51','COMPLETED','f786c0007d48d85b12153b38fa6e255a18d42e262c194c5f57e0fc85cc52f54c',1,9,8,1,3),(152,16000,'2025-07-20 03:53:51','COMPLETED','0354dc1d746d8102f683b391c7fd004d0d25070bbab096b8cbca01fe9ae86900',1,8,7,1,3),(153,6000,'2025-07-08 06:50:51','COMPLETED','035753126ada62d67c7657479f4480dff8cb95e9850361a07f4fe2efaba1d54e',1,8,7,1,3),(154,15000,'2025-08-01 09:10:51','COMPLETED','ad4ffd015f3105a942f565431dd28ea037b1b816593e2750eb2b8d36eb0f4590',1,7,6,1,3),(155,6000,'2025-07-23 10:39:51','COMPLETED','0c7ce30fc70e7ebe992bded6314942c572aaa0069716004efbca1ce6583e3e5e',1,9,8,1,1),(156,88000,'2025-07-13 01:32:51','COMPLETED','44bc15006d175ae54e37b6ebcead60169c6951c584045e3e626a53efc15768e0',1,9,8,1,1),(157,30000,'2025-07-12 04:35:51','COMPLETED','97c830582e30850fa5232fe5128fe41cb67f76132860c7af103ae71286fe01ee',1,9,8,1,3),(158,15000,'2025-08-01 00:09:51','COMPLETED','a1954ec4e93c20a1bc0d9a1b5bbf46c96ecdfb0c5bf87ea9dfd96922ea98cec0',1,9,8,1,2),(159,18000,'2025-07-20 13:34:51','COMPLETED','17a0f96554f25315e7b682d16e3d1dce0d20162c9ccdfec42e51312c07ffb1c8',1,7,6,1,3),(160,15000,'2025-07-31 04:24:51','COMPLETED','881f2c57db730d0cc8171c7f5e3d7b4ff60d96115cdcec8a7f06ac3727bae69d',1,9,8,1,1),(161,24000,'2025-07-26 00:26:51','COMPLETED','51aba78d9d61dcb05fce6657c1d38749a9b3059f919e869098d42d728dd4e66e',1,9,8,1,1),(162,3200,'2025-06-28 06:57:51','COMPLETED','b3729f2c6cb1771efc7299c89bd0b81964637281dce78749e7caf3a38a9968c9',1,8,7,1,1),(163,24000,'2025-06-07 06:35:51','COMPLETED','4a1ba66c844600ea4da50267ab03c23bda09c4e94b855419f007950c0c22f725',1,9,8,1,2),(164,7500,'2025-06-13 10:47:51','COMPLETED','29b1e8ac2060bddb70913e37296b2f9203fe18bbb18c9c05611e2a9336e3d6cd',1,9,8,1,2),(165,3000,'2025-06-16 00:31:51','COMPLETED','b52be5a264e9448ed048d546cd622e23f17d7c63eb2f42bd304de80bc6f74709',1,8,7,1,2),(166,15000,'2025-06-12 04:34:51','COMPLETED','a72695b159b417e042aa10eca5d9d934b2d56ce3730f2015316f34f4da5e66f6',1,7,6,1,3),(167,12000,'2025-06-09 00:39:51','COMPLETED','94e8ae4f8034a99064c4b765d6315aaa9b1b1c6b082bd404743451daef2a5b4c',1,8,7,1,1),(168,60000,'2025-06-28 03:50:51','COMPLETED','d919d3d7a08069bf7f2ac0fdd8b377024951b7af865989e3127e1d32817b6a56',1,9,8,1,2),(169,6000,'2025-06-22 02:37:51','COMPLETED','74e1642c1a75c48b34ce0272ace418886bbd08bbf9c626c78cc8107af64c7843',1,8,7,1,2),(170,2400,'2025-06-15 11:28:51','COMPLETED','696521350e8b45b6a81379d17f0e45ef819496267e23a6a83c1810c7f1dd276e',1,8,7,1,3),(171,70000,'2025-06-27 05:10:51','COMPLETED','a39dea7880b22c77f2e35987d8394b8bee92dcc680dadd90a99c10c6ea261eb0',1,7,6,1,3),(172,54000,'2025-06-07 09:51:51','COMPLETED','0ab30a10e91546678cc9270c3364037073d7ed6556fa69bdb0ee042be936d654',1,7,6,1,1),(173,2400,'2025-06-29 05:38:51','COMPLETED','61a8a0bf21721174d189706d971c09743ace12818a2cf9b25d52db5760761f68',1,8,7,1,3),(174,48000,'2025-07-03 09:28:51','COMPLETED','d9e793632cd1d774c76db49f0dcccb64a297d2b8666b5c4a7b3ecf43208bb580',1,9,8,1,1),(175,50000,'2025-06-25 00:10:51','COMPLETED','977e44fd15d2cb508d649e7ed570951ccbcec2bca744b8c61b139e8de7c9ef60',1,7,6,1,3),(176,75000,'2025-06-26 10:50:51','COMPLETED','7c5e3e25fd8ae6c1c6f3bba477ec7e7997e8a3d00a4aa3b6eda340ffa5e1b03e',1,7,6,1,1),(177,18000,'2025-06-15 11:12:51','COMPLETED','0dc2ae307a4cbba281559fe944f1d849f4ac5d04c2e3ef0795f7eba3488f1482',1,7,6,1,2),(178,70000,'2025-06-14 06:17:51','COMPLETED','dddb40f70a290344ace4ea2708e9ef7de4ece8efc18baa49aaa977db291d141d',1,7,6,1,1),(179,24000,'2025-06-16 03:34:51','COMPLETED','74c082183207952a48d3e963f89b615a54a325e007b15fae354c324b02b61b60',1,7,6,1,1),(180,105000,'2025-06-28 04:53:51','COMPLETED','8350aa38f33ae049eaff0d9b2f20708fc047675c2e15e717168fc39f868da914',1,7,6,1,2),(181,24000,'2025-06-11 08:41:51','COMPLETED','b6008fa17091fe39aa2d84b4e19b6e16340483f1ce51f521575a4d4ae74eab6e',1,7,6,1,2),(182,2400,'2025-06-28 06:55:51','COMPLETED','52fac2b45ae9ed27860940fe14e51c73af0e55c30d9e8c971e7c728269fdf7ea',1,8,7,1,1),(183,35000,'2025-06-18 12:59:51','COMPLETED','bdb2949d559c60ab1dfcda2f07ecd104542ff6c92c6e12357a3aa94edf088841',1,7,6,1,1),(184,4800,'2025-07-02 05:56:51','COMPLETED','6538eedb1a349d8212086ca43c83aab48fba3b0f391acb27d96730a80b1827f8',1,8,7,1,2),(185,45000,'2025-06-16 04:52:51','COMPLETED','6a22d6e37c12911ed911ef45c4b9239148caf08f585bc7635902a49f30a6fcc2',1,9,8,1,2),(186,7200,'2025-06-23 09:23:51','COMPLETED','65fb6ad38975997c102c401b00ef9f9e2bfcd3f9938b704240e4598c261ab21d',1,8,7,1,3),(187,12000,'2025-06-17 05:10:51','COMPLETED','e3ffeeea4a25cc873115c4c0ddbbe9b956f3a7c38f89504876eec1ce1e3fa61c',1,9,8,1,3),(188,36000,'2025-06-19 05:28:51','COMPLETED','c6e667035c4de85f59b580389fc3bcd51c21222fb9324b8b3284a8a030f114ca',1,7,6,1,1),(189,15000,'2025-06-16 08:11:51','COMPLETED','3aff18b6de74e0d097b64dbc2a9ed000b39485f2117553055f5a48d83b032b20',1,9,8,1,1),(190,6000,'2025-06-17 01:45:51','COMPLETED','7995d62c3e250f9c429595f6175ad46884b426f5edea7a51ffd0244777f51852',1,8,7,1,2),(191,6000,'2025-06-28 05:23:51','COMPLETED','fda3059a0c5e9afc1398721f1492448bf657fc77e2c2b348cfe8580fc552f24c',1,8,7,1,3),(192,7200,'2025-06-23 09:17:51','COMPLETED','7a5998d2e5573714780730f612f4710df52cb42e166451cea80ae3ce161e2d4e',1,8,7,1,2),(193,36000,'2025-06-04 05:53:51','COMPLETED','468921f413f3a2149bac74798ffb0dfff225b8fd60aca23d30b6509a85d90d2b',1,9,8,1,2),(194,36000,'2025-06-29 10:23:51','COMPLETED','91afa1e33f20f49c413e45c1bdea93c463f3f7805194e9751541153f9d8f7037',1,7,6,1,2),(195,12000,'2025-06-13 01:31:51','COMPLETED','98c5584ca74da10da45338be59a3f1e006a6906a837e7fb6c0c955f8f9021ab1',1,7,6,1,1),(196,70000,'2025-06-09 07:24:51','COMPLETED','8cb403b5222777d248715b351de7e3a280daaa4545fa4aa4bae91dfacbc02df6',1,7,6,1,1),(197,1200,'2025-07-02 13:35:51','COMPLETED','b544ec3a2b942979b1633111dc9f167ad4dc52b74592a9da0dc2cd7444c90745',1,8,7,1,1),(198,12000,'2025-06-22 13:36:51','COMPLETED','26af126212f0fa54733bd287277b3f06792139f4516a6c4159bfc0b6e51231fb',1,8,7,1,1),(199,5000,'2025-06-13 07:32:51','COMPLETED','eae64ad366a39f629cb0b70871cf43e368316c452c75b63f7d41abc7cd9ae526',1,9,8,1,1),(200,12000,'2025-06-08 11:42:51','COMPLETED','4c5fd9ceff207521121292153d2bd7f31f3aec680174ac763fe9994a67f9cdd0',1,9,8,1,3),(201,44000,'2025-06-25 07:45:52','COMPLETED','3ed400f582440e1f1b7ef0940e1c44cb0563df8f52ff4f1743587b295eb49898',1,9,8,1,1),(202,10000,'2025-07-02 13:40:52','COMPLETED','43ffbd90ca5fbe4736956fd1656f90b61b5d2d793e8979cf3ef4c9b392165d94',1,9,8,1,2),(203,6000,'2025-06-15 04:43:52','COMPLETED','e093dd527843f0646b92247437b3d144a7195254ee5e69c81320306ed80ab2f4',1,8,7,1,3),(204,54000,'2025-07-02 01:27:52','COMPLETED','51ffe1adac400ab5ecf445bce3da9fa0718bc0b730f6b7d83f53e7d0fe9d807e',1,7,6,1,3),(205,60000,'2025-06-21 10:34:52','COMPLETED','123de0a05060c4cdc2ba29a2619a637870f1ef0d42892abedbfc9b5af113c0be',1,9,8,1,2),(206,2400,'2025-06-08 13:12:52','COMPLETED','def456f6e5001d3ed9e7816b0a26fbcd186b6c5e6024bd5796fc7e8ad1f361fe',1,8,7,1,1),(207,1600,'2025-06-08 08:28:52','COMPLETED','cce37b8ec855ffd2b644f0799b76c81b447ecb0ba6d2904368b04ae522f17f10',1,8,7,1,2),(208,36000,'2025-06-11 08:44:52','COMPLETED','ed603f877a50b9dfe9c5e36154d1d5ba2bfef935d4598fd54a3714e67ae7d98a',1,7,6,1,3),(209,70000,'2025-06-05 02:11:52','COMPLETED','e1ac6171113b4f860f9117b883a9d795be294b5f53c8c74e61ad6af55a3cad59',1,7,6,1,1),(210,45000,'2025-06-27 00:37:52','COMPLETED','4812c7c98ed6a625db2a3828624ef894affbe2c5b4eed798e6d2bc294316b2c9',1,9,8,1,3),(211,7000,'2025-06-16 06:33:52','COMPLETED','c372e545e05ad4093a0f37aa3a1b4378cdbf11778eedf040650928458cb6196a',1,8,7,1,2),(212,45000,'2025-06-29 03:48:52','COMPLETED','31f8bda68fcaae4087b7b1ac7cc535456b378176b4d4f79e4e09b3b08aa4bccb',1,9,8,1,1),(213,54000,'2025-06-29 05:36:52','COMPLETED','77dd4d467a57bd9aff7c974d952c64e13fda8e7d4083974ca3868f0e0d73ca86',1,7,6,1,3),(214,9000,'2025-06-22 02:42:52','COMPLETED','a14567fc78410701c53372fa14976ce5ebf515a6e6330c61d349d7df45744c4d',1,9,8,1,3),(215,15000,'2025-06-04 03:13:52','COMPLETED','144e02ca3b607066fb67706945254a64f78fe8bd4711162d59177decb52d545d',1,7,6,1,2),(216,70000,'2025-06-25 03:30:52','COMPLETED','05ffca0d13b823a79f33d50071d18fa8c2f6f79673524e217a1e6df3e0684ec3',1,7,6,1,2),(217,8400,'2025-07-02 10:37:52','COMPLETED','8cb66b639d683987a4c4ae688a98d6ba532e72f747f746b38e1163696fdf49da',1,8,7,1,3),(218,2000,'2025-06-18 08:24:52','COMPLETED','29439ff428e7fce9757dbaf935b79751ad67b961951551cec76e52374d4ec345',1,8,7,1,1),(219,4000,'2025-06-28 09:53:52','COMPLETED','ec50c6551aa82bba00fd8227cac18d6c7fa1b59a65a6a76414252d1d2f251a31',1,8,7,1,2),(220,6000,'2025-06-23 01:30:52','COMPLETED','a6bbd244bd8b72bb0fb2e48fc212e2816d9f5c54d83fcc29f46ee8c82b914f01',1,8,7,1,1),(221,5600,'2025-06-08 11:42:52','COMPLETED','f05236186864b560680530f17c9c5aa18d340630505620b60d25140da42ed7d1',1,8,7,1,3),(222,88000,'2025-06-16 08:12:52','COMPLETED','1787784807868ec044cbd23de4402bc0eee1670b2ba85475bb9ee0b143597446',1,9,8,1,1),(223,3600,'2025-06-21 12:12:52','COMPLETED','0357aa62d279eaf9ac8d0beaaa4d8519fca1d9fbcd1570c26a57d0460b053dbb',1,8,7,1,1),(224,36000,'2025-06-07 06:32:52','COMPLETED','535e7cdaa538ff6d1c95f20fd38f6b00479760e8b8916683a28d1d9029cdcc8b',1,9,8,1,1),(225,8400,'2025-06-15 09:26:52','COMPLETED','8b4018ec487a98116091510a380e6c0c55767048152e732a954a21a154fdc9e9',1,8,7,1,1),(226,6000,'2025-06-09 02:32:52','COMPLETED','7d57da01b5cb0647a088681a19af8452c27d558375371bf86f8cf20bbeba762b',1,8,7,1,1),(227,8000,'2025-06-18 03:54:52','COMPLETED','9c7f24346b52d23f7d1070efa43900ca45cc04dcd9e8b2b12874bdd0fe0a498c',1,8,7,1,3),(228,2500,'2025-06-15 11:20:52','COMPLETED','f4b418ed24e60c765225443193f451bd10626eac5fed68fc30f8078b762f31b1',1,9,8,1,1),(229,48000,'2025-06-26 13:59:52','COMPLETED','7531253d8b65cb8cdc237810694f0aa1375c3709c60214885e61085e0bf074a1',1,9,8,1,1),(230,800,'2025-06-18 07:03:52','COMPLETED','e659362f53fa71040c81ad150f4daff6cc7ec2576b6566dbdbc05b2ab02ced0b',1,8,7,1,2),(231,105000,'2025-06-24 01:46:52','COMPLETED','5c7e19ca36c5beedc07bb8403a9d71fca85680c2aa60bded883a6cf9408b876a',1,7,6,1,2),(233,56500,'2025-10-01 00:29:11','COMPLETED','59266e49c7d261091517a92123395069509d01edfe488206b9271e8b645de1b2',1,7,6,1,1),(235,56500,'2025-10-01 00:32:42','COMPLETED','4eaf482c3f70e62aa455767205f5b1801147b97b1e49b27ccb86a3136bd3fca9',1,7,6,1,1),(236,56500,'2025-10-01 00:34:04','COMPLETED','6bbee42e09cdec22d617b13ad477c4c51e11c6626ba32e571f924c00e8df19d0',1,7,6,1,1),(237,56500,'2025-10-01 01:39:05','COMPLETED','8ff344733b2f603504ac1ad323cfde76486d34166f44ff6990967ea831c7c5c2',1,7,6,1,1),(238,56500,'2025-10-01 01:41:32','COMPLETED','97b1d9865045ed2982ab13e3098aab181bbcc678f64d716526c2ac11a046d270',1,7,6,1,1),(239,56500,'2025-10-01 01:42:23','COMPLETED','5c5262f3ef5b4f6a2f2be5185572560340e715b34ae631e316554fdeaf92756b',1,7,6,1,1),(240,56500,'2025-10-01 01:59:27','COMPLETED','19a3686434489b29bff9a7be76e6c124da2ab8bdec74a64e79fe9dff7d830926',1,7,6,1,1);
/*!40000 ALTER TABLE `Transactions` ENABLE KEYS */;
UNLOCK TABLES;

--
-- Table structure for table `UnitMeasures`
--

DROP TABLE IF EXISTS `UnitMeasures`;
/*!40101 SET @saved_cs_client     = @@character_set_client */;
/*!50503 SET character_set_client = utf8mb4 */;
CREATE TABLE `UnitMeasures` (
  `unitMeasureId` int NOT NULL AUTO_INCREMENT,
  `name` varchar(30) DEFAULT NULL,
  `code` varchar(3) DEFAULT NULL,
  PRIMARY KEY (`unitMeasureId`)
) ENGINE=InnoDB AUTO_INCREMENT=4 DEFAULT CHARSET=utf8mb4 COLLATE=utf8mb4_0900_ai_ci;
/*!40101 SET character_set_client = @saved_cs_client */;

--
-- Dumping data for table `UnitMeasures`
--

LOCK TABLES `UnitMeasures` WRITE;
/*!40000 ALTER TABLE `UnitMeasures` DISABLE KEYS */;
INSERT INTO `UnitMeasures` VALUES (1,'Unidad','UND'),(2,'Litros','LTS'),(3,'Kilogramos','KGS');
/*!40000 ALTER TABLE `UnitMeasures` ENABLE KEYS */;
UNLOCK TABLES;

--
-- Table structure for table `UserBusiness`
--

DROP TABLE IF EXISTS `UserBusiness`;
/*!40101 SET @saved_cs_client     = @@character_set_client */;
/*!50503 SET character_set_client = utf8mb4 */;
CREATE TABLE `UserBusiness` (
  `userId` int NOT NULL,
  `BusinessId` int NOT NULL,
  `status` enum('ACTIVE','INACTIVE','ELIMINATED') NOT NULL,
  `createdAt` datetime NOT NULL,
  `updatedAt` datetime DEFAULT NULL,
  `enabled` tinyint NOT NULL,
  PRIMARY KEY (`userId`,`BusinessId`),
  KEY `fk_Users_has_Business_Business1_idx` (`BusinessId`),
  KEY `fk_Users_has_Business_Users1_idx` (`userId`),
  CONSTRAINT `fk_Users_has_Business_Business1` FOREIGN KEY (`BusinessId`) REFERENCES `Business` (`businessId`),
  CONSTRAINT `fk_Users_has_Business_Users1` FOREIGN KEY (`userId`) REFERENCES `Users` (`userId`)
) ENGINE=InnoDB DEFAULT CHARSET=utf8mb4 COLLATE=utf8mb4_0900_ai_ci;
/*!40101 SET character_set_client = @saved_cs_client */;

--
-- Dumping data for table `UserBusiness`
--

LOCK TABLES `UserBusiness` WRITE;
/*!40000 ALTER TABLE `UserBusiness` DISABLE KEYS */;
/*!40000 ALTER TABLE `UserBusiness` ENABLE KEYS */;
UNLOCK TABLES;

--
-- Table structure for table `UserPermissions`
--

DROP TABLE IF EXISTS `UserPermissions`;
/*!40101 SET @saved_cs_client     = @@character_set_client */;
/*!50503 SET character_set_client = utf8mb4 */;
CREATE TABLE `UserPermissions` (
  `userId` int NOT NULL,
  `permission_id` int NOT NULL,
  `userPermssionStatus` enum('ACTIVE','INACTIVE','ELIMINATED') NOT NULL,
  `createdAt` datetime NOT NULL,
  `updatedAt` datetime DEFAULT NULL,
  `enabled` tinyint NOT NULL,
  PRIMARY KEY (`userId`,`permission_id`),
  KEY `fk_Users_has_Permissions_Permissions1_idx` (`permission_id`),
  KEY `fk_Users_has_Permissions_Users1_idx` (`userId`),
  CONSTRAINT `fk_Users_has_Permissions_Permissions1` FOREIGN KEY (`permission_id`) REFERENCES `Permissions` (`permissionId`),
  CONSTRAINT `fk_Users_has_Permissions_Users1` FOREIGN KEY (`userId`) REFERENCES `Users` (`userId`)
) ENGINE=InnoDB DEFAULT CHARSET=utf8mb4 COLLATE=utf8mb4_0900_ai_ci;
/*!40101 SET character_set_client = @saved_cs_client */;

--
-- Dumping data for table `UserPermissions`
--

LOCK TABLES `UserPermissions` WRITE;
/*!40000 ALTER TABLE `UserPermissions` DISABLE KEYS */;
/*!40000 ALTER TABLE `UserPermissions` ENABLE KEYS */;
UNLOCK TABLES;

--
-- Table structure for table `Users`
--

DROP TABLE IF EXISTS `Users`;
/*!40101 SET @saved_cs_client     = @@character_set_client */;
/*!50503 SET character_set_client = utf8mb4 */;
CREATE TABLE `Users` (
  `userId` int NOT NULL AUTO_INCREMENT,
  `userNationalId` varchar(20) NOT NULL,
  `userFirstname` varchar(30) NOT NULL,
  `userLastname` varchar(40) NOT NULL,
  `userPassword` varbinary(160) NOT NULL,
  `userStatus` enum('ACTIVE','CHANGED','INACTIVE','DELETED') NOT NULL,
  `createdAt` datetime NOT NULL,
  `updatedAt` datetime DEFAULT NULL,
  `enabled` tinyint NOT NULL,
  PRIMARY KEY (`userId`)
) ENGINE=InnoDB AUTO_INCREMENT=101 DEFAULT CHARSET=utf8mb4 COLLATE=utf8mb4_0900_ai_ci;
/*!40101 SET character_set_client = @saved_cs_client */;

--
-- Dumping data for table `Users`
--

LOCK TABLES `Users` WRITE;
/*!40000 ALTER TABLE `Users` DISABLE KEYS */;
INSERT INTO `Users` VALUES (100,'101230456','Maria','Rodriguez',_binary 'ef92b778bafe771e89245b89ecbc08a44a4e166c06659911881f383d4473e94f','ACTIVE','2025-09-30 22:59:20',NULL,1);
/*!40000 ALTER TABLE `Users` ENABLE KEYS */;
UNLOCK TABLES;

--
-- Temporary view structure for view `vw_business_report`
--

DROP TABLE IF EXISTS `vw_business_report`;
/*!50001 DROP VIEW IF EXISTS `vw_business_report`*/;
SET @saved_cs_client     = @@character_set_client;
/*!50503 SET character_set_client = utf8mb4 */;
/*!50001 CREATE VIEW `vw_business_report` AS SELECT 
 1 AS `business_name`,
 1 AS `space_code`,
 1 AS `building_name`,
 1 AS `first_sale_date`,
 1 AS `last_sale_date`,
 1 AS `items_sold`,
 1 AS `total_sales`,
 1 AS `commission_rate`,
 1 AS `commission_amount`,
 1 AS `rent_amount`*/;
SET character_set_client = @saved_cs_client;

--
-- Dumping routines for database 'Merkadit_DB'
--
/*!50003 DROP PROCEDURE IF EXISTS `registerSale` */;
/*!50003 SET @saved_cs_client      = @@character_set_client */ ;
/*!50003 SET @saved_cs_results     = @@character_set_results */ ;
/*!50003 SET @saved_col_connection = @@collation_connection */ ;
/*!50003 SET character_set_client  = utf8mb4 */ ;
/*!50003 SET character_set_results = utf8mb4 */ ;
/*!50003 SET collation_connection  = utf8mb4_0900_ai_ci */ ;
/*!50003 SET @saved_sql_mode       = @@sql_mode */ ;
/*!50003 SET sql_mode              = 'ONLY_FULL_GROUP_BY,STRICT_TRANS_TABLES,NO_ZERO_IN_DATE,NO_ZERO_DATE,ERROR_FOR_DIVISION_BY_ZERO,NO_ENGINE_SUBSTITUTION' */ ;
DELIMITER ;;
CREATE DEFINER=`root`@`%` PROCEDURE `registerSale`(
    IN p_nombre_producto VARCHAR(60),
    IN p_nombre_tienda VARCHAR(50),
    IN p_cantidad_vendida INT,
    IN p_monto_pagado FLOAT,
    IN p_metodo_pago VARCHAR(30),
    IN p_confirmaciones_pago JSON,
    IN p_numeros_referencia BIGINT,
    IN p_cedula_cliente VARCHAR(20),
    IN p_nombre_cliente VARCHAR(60),
    IN p_descuentos_aplicados FLOAT,
    IN p_user_id INT,
    IN p_computer_name VARCHAR(100)
)
BEGIN
    DECLARE v_product_id INT;
    DECLARE v_business_id INT;
    DECLARE v_inventory_id INT;
    DECLARE v_contract_id INT;
    DECLARE v_product_price FLOAT;
    DECLARE v_current_quantity INT;
    DECLARE v_transaction_id INT;
    DECLARE v_sale_bill_id INT;
    DECLARE v_checksum VARCHAR(64);
    DECLARE v_tax_amount FLOAT;
    DECLARE v_subtotal FLOAT;
    DECLARE v_total_calculado FLOAT;
    DECLARE v_payment_method_id INT;
    DECLARE v_transaction_started BOOLEAN DEFAULT FALSE;
    DECLARE v_numero_factura BIGINT;
    DECLARE v_rows_affected INT;
    
    -- Handler simplificado
    DECLARE EXIT HANDLER FOR SQLEXCEPTION
    BEGIN
        IF v_transaction_started THEN
            ROLLBACK;
        END IF;
        RESIGNAL;
    END;

    -- Validaciones
    IF p_cantidad_vendida IS NULL OR p_cantidad_vendida <= 0 THEN
        SIGNAL SQLSTATE '45000' SET MESSAGE_TEXT = 'La cantidad vendida debe ser mayor a 0';
    END IF;

    IF p_monto_pagado IS NULL OR p_monto_pagado <= 0 THEN
        SIGNAL SQLSTATE '45000' SET MESSAGE_TEXT = 'El monto pagado debe ser mayor a 0';
    END IF;

    IF p_descuentos_aplicados IS NULL THEN
        SET p_descuentos_aplicados = 0;
    END IF;
    
    IF p_descuentos_aplicados < 0 THEN
        SIGNAL SQLSTATE '45000' SET MESSAGE_TEXT = 'Los descuentos no pueden ser negativos';
    END IF;

    IF p_user_id IS NULL THEN
        SIGNAL SQLSTATE '45000' SET MESSAGE_TEXT = 'Debe especificar el usuario';
    END IF;

    IF NOT EXISTS (SELECT 1 FROM Users WHERE userId = p_user_id AND userStatus = 'ACTIVE') THEN
        SIGNAL SQLSTATE '45000' SET MESSAGE_TEXT = 'Usuario inv√°lido o inactivo';
    END IF;

    IF p_nombre_producto IS NULL OR TRIM(p_nombre_producto) = '' THEN
        SIGNAL SQLSTATE '45000' SET MESSAGE_TEXT = 'Debe especificar el producto';
    END IF;

    IF p_nombre_tienda IS NULL OR TRIM(p_nombre_tienda) = '' THEN
        SIGNAL SQLSTATE '45000' SET MESSAGE_TEXT = 'Debe especificar la tienda';
    END IF;

    -- Buscar m√©todo de pago
    SELECT paymentMethodId INTO v_payment_method_id 
    FROM PaymentMethods 
    WHERE UPPER(TRIM(name)) = UPPER(TRIM(p_metodo_pago))
    LIMIT 1;

    IF v_payment_method_id IS NULL THEN
        SIGNAL SQLSTATE '45000' SET MESSAGE_TEXT = 'M√©todo de pago inv√°lido';
    END IF;

    -- Buscar producto
    SELECT 
        bp.businessProductId,
        bp.businessId,
        bp.price,
        i.InventoryId,
        i.quantity,
        i.contractId
    INTO 
        v_product_id,
        v_business_id,
        v_product_price,
        v_inventory_id,
        v_current_quantity,
        v_contract_id
    FROM BusinessProducts bp
    INNER JOIN Business b ON bp.businessId = b.businessId
    INNER JOIN Inventory i ON bp.businessProductId = i.businessProductId
    WHERE UPPER(TRIM(bp.name)) = UPPER(TRIM(p_nombre_producto))
      AND UPPER(TRIM(b.name)) = UPPER(TRIM(p_nombre_tienda))
      AND bp.status = 'ACTIVE'
      AND bp.enabled = 1
      AND b.status = 'ACTIVE'
      AND b.enabled = 1
      AND i.status = 'ACTIVE'
      AND i.enabled = 1
    LIMIT 1;

    IF v_product_id IS NULL THEN
        SIGNAL SQLSTATE '45000' SET MESSAGE_TEXT = 'Producto no encontrado o inactivo';
    END IF;

    IF v_current_quantity < p_cantidad_vendida THEN
        SIGNAL SQLSTATE '45000' SET MESSAGE_TEXT = 'Stock insuficiente';
    END IF;

    IF v_contract_id IS NULL THEN
        SIGNAL SQLSTATE '45000' SET MESSAGE_TEXT = 'No se encontr√≥ contrato';
    END IF;

    -- Calcular totales
    SET v_subtotal = v_product_price * p_cantidad_vendida;
    SET v_tax_amount = v_subtotal * 0.13;
    SET v_total_calculado = v_subtotal + v_tax_amount - p_descuentos_aplicados;

    IF p_monto_pagado < v_total_calculado THEN 
        SIGNAL SQLSTATE '45000' SET MESSAGE_TEXT = 'Monto insuficiente';
    END IF;

    -- Generar n√∫mero de factura
    SELECT COALESCE(MAX(BillNumber), 10000) + 1 INTO v_numero_factura FROM SaleBills;

    -- Transacci√≥n
    START TRANSACTION;
    SET v_transaction_started = TRUE;

    INSERT INTO Transactions (
        amount, createdAt, status, checksum, transactionType, 
        businessId, contractId, currencyId, paymentMethodId
    ) VALUES (
        v_total_calculado, NOW(), 'COMPLETED',
        SHA2(CONCAT(v_business_id, '-', v_product_id, '-', NOW()), 256),
        1, v_business_id, v_contract_id, 1, v_payment_method_id
    );
    SET v_transaction_id = LAST_INSERT_ID();

    INSERT INTO SaleBills (
        BillNumber, referenceNumber, discount, taxAmount, taxApplied, total,
        paymentConfirmation, buyerName, buyerId, createdAt, checksum, 
        transactionId, contractId, paymentMethodId
    ) VALUES (
        v_numero_factura, p_numeros_referencia, p_descuentos_aplicados,
        v_tax_amount, 0.13, v_total_calculado, p_confirmaciones_pago,
        p_nombre_cliente, p_cedula_cliente, NOW(),
        SHA2(CONCAT(v_numero_factura, '-', v_transaction_id, '-', NOW()), 256),
        v_transaction_id, v_contract_id, v_payment_method_id
    );
    SET v_sale_bill_id = LAST_INSERT_ID();

    INSERT INTO BillDetail (
        quantity, unitPrice, subtotal, checksum, createdAt,
        saleBillId, businessSaleItemId, businessProductId
    ) VALUES (
        p_cantidad_vendida, v_product_price, v_subtotal,
        SHA2(CONCAT(v_sale_bill_id, '-', v_product_id, '-', NOW()), 256),
        NOW(), v_sale_bill_id, NULL, v_product_id
    );

    UPDATE Inventory 
    SET quantity = quantity - p_cantidad_vendida, updatedAt = NOW()
    WHERE InventoryId = v_inventory_id AND quantity >= p_cantidad_vendida;
    
    SET v_rows_affected = ROW_COUNT();
    IF v_rows_affected = 0 THEN
        SIGNAL SQLSTATE '45000' SET MESSAGE_TEXT = 'No se pudo actualizar inventario';
    END IF;

    INSERT INTO InventoryLogs (
        changeQuantity, changeType, InventoryLogTypeId, InventoryId, checksum, createdAt
    ) VALUES (
        -p_cantidad_vendida, 'SALE', 1, v_inventory_id,
        SHA2(CONCAT(v_inventory_id, '-', NOW()), 256), NOW()
    );
    
    -- Antes del COMMIT, agregar:
INSERT INTO SystemLogs (
    description, postTime, checksum, 
    systemLogTypeId, moduleId, userId, logSourceId, logLevelId
) VALUES (
    JSON_OBJECT(
        'operacion', 'registerSale',
        'factura', v_numero_factura,
        'transaccion', v_transaction_id,
        'producto', p_nombre_producto,
        'tienda', p_nombre_tienda,
        'cantidad', p_cantidad_vendida,
        'total', v_total_calculado,
        'cliente', p_nombre_cliente,
        'cedula', p_cedula_cliente,
        'computadora', p_computer_name,  -- ‚úÖ Ahora se registra
        'metodo_pago', p_metodo_pago,
        'usuario_id', p_user_id
    ),
    NOW(),
    SHA2(CONCAT('SUCCESS-', v_transaction_id, '-', p_user_id, '-', NOW()), 256),
    2, 2, p_user_id, 1, 1
);

    COMMIT;
    SET v_transaction_started = FALSE;

    SELECT 
        'SUCCESS' AS status,
        v_numero_factura AS numero_factura,
        v_transaction_id AS transaccion_id,
        v_total_calculado AS total,
        (p_monto_pagado - v_total_calculado) AS cambio,
        (v_current_quantity - p_cantidad_vendida) AS stock_restante;

END ;;
DELIMITER ;
/*!50003 SET sql_mode              = @saved_sql_mode */ ;
/*!50003 SET character_set_client  = @saved_cs_client */ ;
/*!50003 SET character_set_results = @saved_cs_results */ ;
/*!50003 SET collation_connection  = @saved_col_connection */ ;

--
-- Final view structure for view `vw_business_report`
--

/*!50001 DROP VIEW IF EXISTS `vw_business_report`*/;
/*!50001 SET @saved_cs_client          = @@character_set_client */;
/*!50001 SET @saved_cs_results         = @@character_set_results */;
/*!50001 SET @saved_col_connection     = @@collation_connection */;
/*!50001 SET character_set_client      = utf8mb4 */;
/*!50001 SET character_set_results     = utf8mb4 */;
/*!50001 SET collation_connection      = utf8mb4_0900_ai_ci */;
/*!50001 CREATE ALGORITHM=UNDEFINED */
/*!50013 DEFINER=`root`@`%` SQL SECURITY DEFINER */
/*!50001 VIEW `vw_business_report` AS select `b`.`name` AS `business_name`,`s`.`code` AS `space_code`,`bldg`.`name` AS `building_name`,min(`t`.`createdAt`) AS `first_sale_date`,max(`t`.`createdAt`) AS `last_sale_date`,count(`bd`.`billDetail_id`) AS `items_sold`,sum(`t`.`amount`) AS `total_sales`,`c`.`feePercentage` AS `commission_rate`,(sum(`t`.`amount`) * `c`.`feePercentage`) AS `commission_amount`,`c`.`rentAmount` AS `rent_amount` from (((((((((`Business` `b` join `Contracts` `c` on((`b`.`businessId` = `c`.`tenantBusinessId`))) join `SpacesPerContract` `spc` on((`c`.`contractId` = `spc`.`contractId`))) join `Spaces` `s` on((`spc`.`spaceId` = `s`.`spaceId`))) join `Markets` `m` on((`s`.`marketId` = `m`.`marketId`))) join `BuildingArea` `ba` on((`m`.`buildingArea` = `ba`.`buildingArea`))) join `Buildings` `bldg` on((`ba`.`buildingId` = `bldg`.`buildingId`))) join `Transactions` `t` on((`b`.`businessId` = `t`.`businessId`))) join `SaleBills` `sb` on((`t`.`TransactionId` = `sb`.`transactionId`))) join `BillDetail` `bd` on((`sb`.`saleBillId` = `bd`.`saleBillId`))) where ((month(`t`.`createdAt`) = month(curdate())) and (year(`t`.`createdAt`) = year(curdate()))) group by `b`.`businessId`,`s`.`spaceId` */;
/*!50001 SET character_set_client      = @saved_cs_client */;
/*!50001 SET character_set_results     = @saved_cs_results */;
/*!50001 SET collation_connection      = @saved_col_connection */;
/*!40103 SET TIME_ZONE=@OLD_TIME_ZONE */;

/*!40101 SET SQL_MODE=@OLD_SQL_MODE */;
/*!40014 SET FOREIGN_KEY_CHECKS=@OLD_FOREIGN_KEY_CHECKS */;
/*!40014 SET UNIQUE_CHECKS=@OLD_UNIQUE_CHECKS */;
/*!40101 SET CHARACTER_SET_CLIENT=@OLD_CHARACTER_SET_CLIENT */;
/*!40101 SET CHARACTER_SET_RESULTS=@OLD_CHARACTER_SET_RESULTS */;
/*!40101 SET COLLATION_CONNECTION=@OLD_COLLATION_CONNECTION */;
/*!40111 SET SQL_NOTES=@OLD_SQL_NOTES */;

-- Dump completed on 2025-09-30 22:51:28
